datetime,open,high,low,close,volume
2026-03-10T18:45:00+00:00,348.95999999999964,349.39999999999964,348.38999999999965,348.7199999999997,791
2026-03-10T19:00:00+00:00,348.7199999999997,348.81999999999965,347.2899999999997,348.05999999999966,885
2026-03-10T19:15:00+00:00,348.05999999999966,349.8599999999997,347.39999999999964,348.9099999999997,970
2026-03-10T19:30:00+00:00,348.9099999999997,349.24999999999966,348.00999999999965,348.99999999999966,1082
2026-03-10T19:45:00+00:00,348.99999999999966,349.32999999999964,347.29999999999967,349.2899999999997,1975
2026-03-11T13:30:00+00:00,349.2899999999997,351.12999999999965,347.9799999999997,350.0399999999997,559
2026-03-11T13:45:00+00:00,350.0399999999997,351.8399999999997,349.75999999999965,351.0399999999997,634
2026-03-11T14:00:00+00:00,351.0399999999997,352.98999999999967,348.75999999999965,349.81999999999965,706
2026-03-11T14:15:00+00:00,349.81999999999965,352.23999999999967,349.2299999999997,350.48999999999967,764
2026-03-11T14:30:00+00:00,350.48999999999967,350.50999999999965,347.99999999999966,349.06999999999965,717
2026-03-11T14:45:00+00:00,349.06999999999965,350.18999999999966,348.79999999999967,349.93999999999966,738
2026-03-11T15:00:00+00:00,349.93999999999966,351.00999999999965,348.92999999999967,350.5299999999997,679
2026-03-11T15:15:00+00:00,350.5299999999997,350.63999999999965,348.42999999999967,348.42999999999967,653
2026-03-11T15:30:00+00:00,348.42999999999967,349.0899999999997,347.82999999999964,347.87999999999965,901
2026-03-11T15:45:00+00:00,347.87999999999965,348.49999999999966,347.2099999999997,348.11999999999966,783
2026-03-11T16:00:00+00:00,348.11999999999966,348.1499999999997,346.4099999999997,346.87999999999965,994
2026-03-11T16:15:00+00:00,346.87999999999965,347.32999999999964,346.42999999999967,347.30999999999966,734
2026-03-11T16:30:00+00:00,347.30999999999966,349.4799999999997,347.23999999999967,348.3599999999997,686
2026-03-11T16:45:00+00:00,348.3599999999997,349.9199999999997,347.98999999999967,349.37999999999965,642
2026-03-11T17:00:00+00:00,349.37999999999965,350.07999999999964,348.23999999999967,348.7299999999997,572
2026-03-11T17:15:00+00:00,348.7299999999997,349.04999999999967,347.62999999999965,347.99999999999966,526
2026-03-11T17:30:00+00:00,347.99999999999966,348.2699999999997,345.4699999999997,346.7099999999997,819
2026-03-11T17:45:00+00:00,346.7099999999997,347.80999999999966,346.3599999999997,347.37999999999965,582
2026-03-11T18:00:00+00:00,347.37999999999965,347.4799999999997,345.8599999999997,346.29999999999967,645
2026-03-11T18:15:00+00:00,346.29999999999967,346.43999999999966,345.61999999999966,346.04999999999967,617
2026-03-11T18:30:00+00:00,346.04999999999967,347.0399999999997,345.9799999999997,346.43999999999966,567
2026-03-11T18:45:00+00:00,346.43999999999966,347.8499999999997,346.1499999999997,347.7099999999997,682
2026-03-11T19:00:00+00:00,347.7099999999997,348.11999999999966,347.29999999999967,347.5199999999997,625
2026-03-11T19:15:00+00:00,347.5199999999997,347.82999999999964,346.92999999999967,347.4699999999997,688
2026-03-11T19:30:00+00:00,347.4699999999997,348.44999999999965,347.12999999999965,347.9799999999997,764
2026-03-11T19:45:00+00:00,347.9799999999997,348.98999999999967,347.5899999999997,348.55999999999966,1409
2026-03-12T13:30:00+00:00,348.55999999999966,348.55999999999966,343.30999999999966,343.43999999999966,778
2026-03-12T13:45:00+00:00,343.43999999999966,343.61999999999966,339.43999999999966,340.1499999999997,1714
2026-03-12T14:00:00+00:00,340.1499999999997,342.99999999999966,340.06999999999965,342.81999999999965,1031
2026-03-12T14:15:00+00:00,342.81999999999965,343.2299999999997,341.48999999999967,341.8599999999997,775
2026-03-12T14:30:00+00:00,341.8599999999997,342.1599999999997,339.43999999999966,340.3599999999997,1088
2026-03-12T14:45:00+00:00,340.3599999999997,342.0899999999997,339.73999999999967,340.5399999999997,713
2026-03-12T15:00:00+00:00,340.5399999999997,341.49999999999966,339.9699999999997,340.7299999999997,774
2026-03-12T15:15:00+00:00,340.7299999999997,343.11999999999966,340.3399999999997,342.6499999999997,900
2026-03-12T15:30:00+00:00,342.6499999999997,344.54999999999967,341.7799999999997,344.24999999999966,757
2026-03-12T15:45:00+00:00,344.24999999999966,344.63999999999965,342.7199999999997,343.24999999999966,901
2026-03-12T16:00:00+00:00,343.24999999999966,344.4099999999997,341.8599999999997,344.30999999999966,809
2026-03-12T16:15:00+00:00,344.30999999999966,345.3399999999997,343.38999999999965,343.5199999999997,861
2026-03-12T16:30:00+00:00,343.5199999999997,345.98999999999967,343.44999999999965,345.7699999999997,861
2026-03-12T16:45:00+00:00,345.7699999999997,345.9199999999997,344.48999999999967,344.8999999999997,684
2026-03-12T17:00:00+00:00,344.8999999999997,346.98999999999967,344.8999999999997,345.24999999999966,861
2026-03-12T17:15:00+00:00,345.24999999999966,345.62999999999965,344.2299999999997,344.67999999999967,635
2026-03-12T17:30:00+00:00,344.67999999999967,345.87999999999965,344.2299999999997,345.1499999999997,731
2026-03-12T17:45:00+00:00,345.1499999999997,345.18999999999966,343.6599999999997,344.3599999999997,823
2026-03-12T18:00:00+00:00,344.3599999999997,345.38999999999965,343.62999999999965,344.8499999999997,896
2026-03-12T18:15:00+00:00,344.8499999999997,345.3499999999997,344.37999999999965,345.0899999999997,754
2026-03-12T18:30:00+00:00,345.0899999999997,345.2099999999997,343.61999999999966,343.7799999999997,785
2026-03-12T18:45:00+00:00,343.7799999999997,344.29999999999967,343.00999999999965,343.2099999999997,824
2026-03-12T19:00:00+00:00,343.2099999999997,343.99999999999966,342.3399999999997,343.2899999999997,851
2026-03-12T19:15:00+00:00,343.2899999999997,344.1499999999997,342.88999999999965,343.6599999999997,1054
2026-03-12T19:30:00+00:00,343.6599999999997,344.5399999999997,341.92999999999967,342.4599999999997,1080
2026-03-12T19:45:00+00:00,342.4599999999997,343.4699999999997,342.3599999999997,343.1699999999997,1482
2026-03-13T13:30:00+00:00,343.1699999999997,344.61999999999966,338.73999999999967,343.88999999999965,897
2026-03-13T13:45:00+00:00,343.88999999999965,345.5199999999997,342.7299999999997,343.00999999999965,1079
2026-03-13T14:00:00+00:00,343.00999999999965,343.6099999999997,340.7899999999997,341.04999999999967,1134
2026-03-13T14:15:00+00:00,341.04999999999967,341.3599999999997,339.5399999999997,340.74999999999966,1491
2026-03-13T14:30:00+00:00,340.74999999999966,342.2299999999997,338.82999999999964,338.8999999999997,1224
2026-03-13T14:45:00+00:00,338.8999999999997,338.8999999999997,333.99999999999966,334.23999999999967,1845
2026-03-13T15:00:00+00:00,334.23999999999967,336.2899999999997,334.0399999999997,335.80999999999966,1468
2026-03-13T15:15:00+00:00,335.80999999999966,336.00999999999965,332.6699999999997,333.49999999999966,1430
2026-03-13T15:30:00+00:00,333.49999999999966,333.56999999999965,330.4199999999997,330.8399999999997,1589
2026-03-13T15:45:00+00:00,330.8399999999997,331.74999999999966,330.12999999999965,330.2899999999997,1391
2026-03-13T16:00:00+00:00,330.2899999999997,332.99999999999966,330.2799999999997,331.2899999999997,1302
2026-03-13T16:15:00+00:00,331.2899999999997,331.6699999999997,330.3499999999997,331.4199999999997,1036
2026-03-13T16:30:00+00:00,331.4199999999997,332.8499999999997,331.04999999999967,332.67999999999967,1101
2026-03-13T16:45:00+00:00,332.67999999999967,333.11999999999966,330.5299999999997,330.81999999999965,1141
2026-03-13T17:00:00+00:00,330.81999999999965,332.2099999999997,330.2799999999997,332.0299999999997,961
2026-03-13T17:15:00+00:00,332.0299999999997,332.3599999999997,331.23999999999967,331.92999999999967,838
2026-03-13T17:30:00+00:00,331.92999999999967,332.4599999999997,330.30999999999966,330.6499999999997,955
2026-03-13T17:45:00+00:00,330.6499999999997,330.88999999999965,329.1599999999997,329.62999999999965,1424
2026-03-13T18:00:00+00:00,329.62999999999965,330.11999999999966,329.42999999999967,329.92999999999967,975
2026-03-13T18:15:00+00:00,329.92999999999967,331.32999999999964,329.5899999999997,331.2199999999997,853
2026-03-13T18:30:00+00:00,331.2199999999997,331.86999999999966,330.88999999999965,331.7699999999997,840
2026-03-13T18:45:00+00:00,331.7699999999997,332.30999999999966,331.32999999999964,331.8999999999997,865
2026-03-13T19:00:00+00:00,331.8999999999997,332.1099999999997,330.5399999999997,331.55999999999966,961
2026-03-13T19:15:00+00:00,331.55999999999966,331.68999999999966,329.2699999999997,329.48999999999967,1205
2026-03-13T19:30:00+00:00,329.48999999999967,329.98999999999967,328.63999999999965,329.11999999999966,1434
2026-03-13T19:45:00+00:00,329.11999999999966,329.7299999999997,328.88999999999965,329.57999999999964,2039
2026-03-16T13:30:00+00:00,329.57999999999964,332.9699999999997,327.29999999999967,329.9699999999997,1358
2026-03-16T13:45:00+00:00,329.9699999999997,332.48999999999967,329.74999999999966,331.31999999999965,1369
2026-03-16T14:00:00+00:00,331.31999999999965,331.31999999999965,329.7099999999997,330.82999999999964,1366
2026-03-16T14:15:00+00:00,330.82999999999964,332.82999999999964,330.82999999999964,331.73999999999967,1292
2026-03-16T14:30:00+00:00,331.73999999999967,332.44999999999965,330.37999999999965,330.57999999999964,1123
2026-03-16T14:45:00+00:00,330.57999999999964,332.79999999999967,330.37999999999965,332.7899999999997,1125
2026-03-16T15:00:00+00:00,332.7899999999997,335.9599999999997,332.2299999999997,335.9199999999997,1443
2026-03-16T15:15:00+00:00,335.9199999999997,336.3599999999997,335.05999999999966,335.8399999999997,1461
2026-03-16T15:30:00+00:00,335.8399999999997,336.32999999999964,335.2899999999997,335.75999999999965,1040
2026-03-16T15:45:00+00:00,335.75999999999965,336.38999999999965,334.5199999999997,334.69999999999965,1081
2026-03-16T16:00:00+00:00,334.69999999999965,335.04999999999967,333.4699999999997,333.88999999999965,941
2026-03-16T16:15:00+00:00,333.88999999999965,334.00999999999965,332.82999999999964,333.2699999999997,962
2026-03-16T16:30:00+00:00,333.2699999999997,334.5899999999997,333.11999999999966,334.29999999999967,1008
2026-03-16T16:45:00+00:00,334.29999999999967,335.2699999999997,334.2299999999997,334.44999999999965,940
2026-03-16T17:00:00+00:00,334.44999999999965,335.98999999999967,334.44999999999965,335.9199999999997,1021
2026-03-16T17:15:00+00:00,335.9199999999997,336.1099999999997,335.2299999999997,335.2799999999997,858
2026-03-16T17:30:00+00:00,335.2799999999997,335.99999999999966,335.12999999999965,335.2199999999997,723
2026-03-16T17:45:00+00:00,335.2199999999997,335.7299999999997,334.56999999999965,335.38999999999965,674
2026-03-16T18:00:00+00:00,335.38999999999965,335.80999999999966,334.73999999999967,335.05999999999966,811
2026-03-16T18:15:00+00:00,335.05999999999966,335.32999999999964,334.37999999999965,334.62999999999965,835
2026-03-16T18:30:00+00:00,334.62999999999965,335.0899999999997,334.18999999999966,334.32999999999964,690
2026-03-16T18:45:00+00:00,334.32999999999964,334.57999999999964,333.75999999999965,333.82999999999964,735
2026-03-16T19:00:00+00:00,333.82999999999964,336.31999999999965,332.98999999999967,333.5899999999997,1278
2026-03-16T19:15:00+00:00,333.5899999999997,334.5299999999997,332.5999999999997,333.2099999999997,1246
2026-03-16T19:30:00+00:00,333.2099999999997,333.67999999999967,332.7299999999997,332.92999999999967,1334
2026-03-16T19:45:00+00:00,332.92999999999967,333.1699999999997,330.93999999999966,332.1599999999997,2288
2026-03-17T13:30:00+00:00,332.1599999999997,334.4099999999997,331.87999999999965,332.1499999999997,2014
2026-03-17T13:45:00+00:00,332.1499999999997,333.2699999999997,331.6399999999997,332.11999999999966,2282
2026-03-17T14:00:00+00:00,332.11999999999966,332.3299999999997,329.36999999999966,330.0799999999997,2332
2026-03-17T14:15:00+00:00,330.0799999999997,331.8199999999997,329.6999999999997,331.2699999999997,2417
2026-03-17T14:30:00+00:00,331.2699999999997,331.6699999999997,330.24999999999966,330.6299999999997,1962
2026-03-17T14:45:00+00:00,330.6299999999997,331.0999999999997,329.93999999999966,329.9699999999997,1675
2026-03-17T15:00:00+00:00,329.9699999999997,330.3299999999997,327.1699999999997,327.2299999999997,2071
2026-03-17T15:15:00+00:00,327.2299999999997,327.6999999999997,326.2599999999997,326.2799999999997,2039
2026-03-17T15:30:00+00:00,326.2799999999997,326.7799999999997,325.54999999999967,326.36999999999966,2246
2026-03-17T15:45:00+00:00,326.36999999999966,326.8399999999997,325.93999999999966,326.74999999999966,1853
2026-03-17T16:00:00+00:00,326.74999999999966,326.98999999999967,325.2799999999997,325.6099999999997,1982
2026-03-17T16:15:00+00:00,325.6099999999997,326.29999999999967,325.11999999999966,325.6999999999997,1854
2026-03-17T16:30:00+00:00,325.6999999999997,326.3199999999997,325.36999999999966,326.29999999999967,1818
2026-03-17T16:45:00+00:00,326.29999999999967,328.4099999999997,326.2199999999997,328.1699999999997,1818
2026-03-17T17:00:00+00:00,328.1699999999997,329.24999999999966,327.68999999999966,328.0299999999997,1549
2026-03-17T17:15:00+00:00,328.0299999999997,329.0999999999997,327.4499999999997,328.5699999999997,1421
2026-03-17T17:30:00+00:00,328.5699999999997,329.3499999999997,328.4199999999997,328.7899999999997,1213
2026-03-17T17:45:00+00:00,328.7899999999997,329.6099999999997,328.5999999999997,329.5799999999997,1238
2026-03-17T18:00:00+00:00,329.5799999999997,330.5799999999997,329.0099999999997,329.5199999999997,1333
2026-03-17T18:15:00+00:00,329.5199999999997,330.2099999999997,329.1499999999997,329.5099999999997,1185
2026-03-17T18:30:00+00:00,329.5099999999997,329.7299999999997,328.5999999999997,328.6399999999997,1287
2026-03-17T18:45:00+00:00,328.6399999999997,328.6699999999997,327.5299999999997,327.8799999999997,1119
2026-03-17T19:00:00+00:00,327.8799999999997,328.2899999999997,327.3999999999997,327.4599999999997,1365
2026-03-17T19:15:00+00:00,327.4599999999997,328.3399999999997,327.1099999999997,327.93999999999966,1269
2026-03-17T19:30:00+00:00,327.93999999999966,328.6499999999997,327.9199999999997,328.6499999999997,1410
2026-03-17T19:45:00+00:00,328.6499999999997,329.7699999999997,328.0999999999997,329.5199999999997,2033
2026-03-18T13:30:00+00:00,329.5199999999997,334.3399999999997,329.3199999999997,333.0699999999997,2386
2026-03-18T13:45:00+00:00,333.0699999999997,334.1499999999997,331.2699999999997,331.55999999999966,3297
2026-03-18T14:00:00+00:00,331.55999999999966,331.55999999999966,328.54999999999967,328.55999999999966,3408
2026-03-18T14:15:00+00:00,328.55999999999966,329.0799999999997,326.74999999999966,327.0899999999997,3049
2026-03-18T14:30:00+00:00,327.0899999999997,327.79999999999967,326.73999999999967,326.98999999999967,2051
2026-03-18T14:45:00+00:00,326.98999999999967,328.1699999999997,326.7199999999997,328.1499999999997,2046
2026-03-18T15:00:00+00:00,328.1499999999997,329.3299999999997,327.3399999999997,328.7599999999997,1988
2026-03-18T15:15:00+00:00,328.7599999999997,329.54999999999967,328.61999999999966,328.8999999999997,1963
2026-03-18T15:30:00+00:00,328.8999999999997,329.68999999999966,328.8399999999997,329.5899999999997,1552
2026-03-18T15:45:00+00:00,329.5899999999997,329.73999999999967,328.74999999999966,328.7599999999997,1641
2026-03-18T16:00:00+00:00,328.7599999999997,328.8899999999997,327.8299999999997,328.49999999999966,1552
2026-03-18T16:15:00+00:00,328.49999999999966,328.6099999999997,327.92999999999967,327.98999999999967,1562
2026-03-18T16:30:00+00:00,327.98999999999967,328.0099999999997,326.68999999999966,327.62999999999965,1764
2026-03-18T16:45:00+00:00,327.62999999999965,327.6399999999997,326.04999999999967,326.7799999999997,1434
2026-03-18T17:00:00+00:00,326.7799999999997,327.0399999999997,326.0699999999997,326.3299999999997,1535
2026-03-18T17:15:00+00:00,326.3299999999997,327.2599999999997,326.2799999999997,327.1699999999997,1180
2026-03-18T17:30:00+00:00,327.1699999999997,327.62999999999965,326.7599999999997,327.48999999999967,1182
2026-03-18T17:45:00+00:00,327.48999999999967,328.12999999999965,327.3599999999997,327.5699999999997,1364
2026-03-18T18:00:00+00:00,327.5699999999997,328.5899999999997,327.5399999999997,327.79999999999967,2418
2026-03-18T18:15:00+00:00,327.79999999999967,327.79999999999967,326.55999999999966,327.1999999999997,2001
2026-03-18T18:30:00+00:00,327.1999999999997,327.3199999999997,326.04999999999967,326.6599999999997,2785
2026-03-18T18:45:00+00:00,326.6599999999997,326.8399999999997,324.93999999999966,325.0199999999997,2329
2026-03-18T19:00:00+00:00,325.0199999999997,326.5199999999997,324.8399999999997,325.8399999999997,2265
2026-03-18T19:15:00+00:00,325.8399999999997,325.8399999999997,324.5799999999997,325.5799999999997,1929
2026-03-18T19:30:00+00:00,325.5799999999997,326.1099999999997,324.93999999999966,325.3899999999997,1884
2026-03-18T19:45:00+00:00,325.3899999999997,326.2599999999997,324.62999999999965,324.7899999999997,2242
2026-03-19T13:30:00+00:00,324.7899999999997,324.7899999999997,317.5399999999997,320.3399999999997,3495
2026-03-19T13:45:00+00:00,320.3399999999997,321.73999999999967,319.37999999999965,321.2099999999997,3554
2026-03-19T14:00:00+00:00,321.2099999999997,323.05999999999966,321.0299999999997,322.5199999999997,3478
2026-03-19T14:15:00+00:00,322.5199999999997,322.86999999999966,321.0299999999997,321.6099999999997,3021
2026-03-19T14:30:00+00:00,321.6099999999997,323.80999999999966,321.43999999999966,322.4599999999997,2697
2026-03-19T14:45:00+00:00,322.4599999999997,325.36999999999966,322.12999999999965,325.12999999999965,2296
2026-03-19T15:00:00+00:00,325.12999999999965,326.3399999999997,324.4199999999997,326.3299999999997,2208
2026-03-19T15:15:00+00:00,326.3299999999997,327.1099999999997,325.30999999999966,325.99999999999966,2134
2026-03-19T15:30:00+00:00,325.99999999999966,326.30999999999966,325.36999999999966,325.8199999999997,1892
2026-03-19T15:45:00+00:00,325.8199999999997,327.68999999999966,325.36999999999966,327.5799999999997,2198
2026-03-19T16:00:00+00:00,327.5799999999997,328.2799999999997,326.92999999999967,327.6399999999997,1922
2026-03-19T16:15:00+00:00,327.6399999999997,328.05999999999966,326.79999999999967,327.9099999999997,1878
2026-03-19T16:30:00+00:00,327.9099999999997,328.9199999999997,327.2299999999997,328.43999999999966,1727
2026-03-19T16:45:00+00:00,328.43999999999966,328.5899999999997,327.5299999999997,328.0999999999997,1380
2026-03-19T17:00:00+00:00,328.0999999999997,328.2099999999997,326.3399999999997,326.7799999999997,1340
2026-03-19T17:15:00+00:00,326.7799999999997,327.86999999999966,326.6399999999997,327.62999999999965,1418
2026-03-19T17:30:00+00:00,327.62999999999965,328.0799999999997,327.0399999999997,327.1099999999997,1260
2026-03-19T17:45:00+00:00,327.1099999999997,328.23999999999967,327.05999999999966,328.11999999999966,1104
2026-03-19T18:00:00+00:00,328.11999999999966,328.8999999999997,327.1599999999997,328.7099999999997,1293
2026-03-19T18:15:00+00:00,328.7099999999997,328.99999999999966,327.7799999999997,327.8399999999997,1312
2026-03-19T18:30:00+00:00,327.8399999999997,328.3199999999997,327.0899999999997,328.0999999999997,1434
2026-03-19T18:45:00+00:00,328.0999999999997,329.9099999999997,327.6399999999997,329.80999999999966,1619
2026-03-19T19:00:00+00:00,329.80999999999966,332.2199999999997,329.74999999999966,331.0299999999997,3264
2026-03-19T19:15:00+00:00,331.0299999999997,331.1999999999997,329.0299999999997,329.62999999999965,2874
2026-03-19T19:30:00+00:00,329.62999999999965,329.68999999999966,327.9199999999997,328.5099999999997,2547
2026-03-19T19:45:00+00:00,328.5099999999997,329.48999999999967,327.79999999999967,329.18999999999966,2699
2026-03-20T13:30:00+00:00,329.18999999999966,330.3199999999997,327.80999999999966,330.0699999999997,1978
2026-03-20T13:45:00+00:00,330.0699999999997,330.3899999999997,325.5299999999997,325.8499999999997,2652
2026-03-20T14:00:00+00:00,325.8499999999997,326.3899999999997,323.5799999999997,323.8899999999997,2731
2026-03-20T14:15:00+00:00,323.8899999999997,325.29999999999967,323.4699999999997,324.6699999999997,2917
2026-03-20T14:30:00+00:00,324.6699999999997,325.5799999999997,324.17999999999967,324.6699999999997,2244
2026-03-20T14:45:00+00:00,324.6699999999997,324.99999999999966,323.37999999999965,324.74999999999966,2025
2026-03-20T15:00:00+00:00,324.74999999999966,325.9099999999997,323.7299999999997,325.1399999999997,2113
2026-03-20T15:15:00+00:00,325.1399999999997,325.43999999999966,324.0299999999997,324.5799999999997,2275
2026-03-20T15:30:00+00:00,324.5799999999997,325.3899999999997,324.2799999999997,325.1699999999997,2042
2026-03-20T15:45:00+00:00,325.1699999999997,326.18999999999966,324.43999999999966,325.8999999999997,1595
2026-03-20T16:00:00+00:00,325.8999999999997,327.43999999999966,325.62999999999965,327.1599999999997,1586
2026-03-20T16:15:00+00:00,327.1599999999997,327.6999999999997,326.3399999999997,326.8999999999997,1578
2026-03-20T16:30:00+00:00,326.8999999999997,326.9499999999997,325.67999999999967,326.3499999999997,1571
2026-03-20T16:45:00+00:00,326.3499999999997,327.1399999999997,325.4799999999997,326.3499999999997,1359
2026-03-20T17:00:00+00:00,326.3499999999997,326.7899999999997,324.9799999999997,325.4699999999997,1571
2026-03-20T17:15:00+00:00,325.4699999999997,325.48999999999967,324.43999999999966,324.6099999999997,1408
2026-03-20T17:30:00+00:00,324.6099999999997,324.79999999999967,323.8199999999997,323.9699999999997,1480
2026-03-20T17:45:00+00:00,323.9699999999997,324.2099999999997,323.37999999999965,323.93999999999966,1368
2026-03-20T18:00:00+00:00,323.93999999999966,324.1499999999997,322.8499999999997,322.92999999999967,1336
2026-03-20T18:15:00+00:00,322.92999999999967,323.3499999999997,322.12999999999965,322.7099999999997,2027
2026-03-20T18:30:00+00:00,322.7099999999997,322.9699999999997,321.3499999999997,321.6599999999997,1626
2026-03-20T18:45:00+00:00,321.6599999999997,322.12999999999965,321.3899999999997,321.74999999999966,1501
2026-03-20T19:00:00+00:00,321.74999999999966,322.1599999999997,320.9099999999997,321.5099999999997,1708
2026-03-20T19:15:00+00:00,321.5099999999997,321.8499999999997,320.7099999999997,320.8899999999997,1665
2026-03-20T19:30:00+00:00,320.8899999999997,321.61999999999966,319.80999999999966,321.4599999999997,2285
2026-03-20T19:45:00+00:00,321.4599999999997,321.68999999999966,318.87999999999965,319.9199999999997,3400
2026-03-23T13:30:00+00:00,319.9199999999997,332.0899999999997,319.9199999999997,328.68999999999966,2398
2026-03-23T13:45:00+00:00,328.68999999999966,333.1099999999997,328.67999999999967,333.0199999999997,3284
2026-03-23T14:00:00+00:00,333.0199999999997,333.36999999999966,331.0799999999997,332.3599999999997,3265
2026-03-23T14:15:00+00:00,332.3599999999997,335.4599999999997,332.0699999999997,334.7799999999997,2601
2026-03-23T14:30:00+00:00,334.7799999999997,334.8599999999997,333.2199999999997,333.4699999999997,2247
2026-03-23T14:45:00+00:00,333.4699999999997,334.1699999999997,332.7799999999997,333.0199999999997,2124
2026-03-23T15:00:00+00:00,333.0199999999997,334.7799999999997,332.8299999999997,333.55999999999966,1911
2026-03-23T15:15:00+00:00,333.55999999999966,333.6699999999997,331.7799999999997,332.29999999999967,2062
2026-03-23T15:30:00+00:00,332.29999999999967,332.8199999999997,330.2599999999997,331.1399999999997,2009
2026-03-23T15:45:00+00:00,331.1399999999997,331.18999999999966,328.4499999999997,328.61999999999966,2696
2026-03-23T16:00:00+00:00,328.61999999999966,330.8899999999997,328.42999999999967,330.7199999999997,2411
2026-03-23T16:15:00+00:00,330.7199999999997,330.74999999999966,328.68999999999966,328.8199999999997,2122
2026-03-23T16:30:00+00:00,328.8199999999997,331.0799999999997,328.74999999999966,330.48999999999967,2200
2026-03-23T16:45:00+00:00,330.48999999999967,331.12999999999965,329.12999999999965,329.6599999999997,1869
2026-03-23T17:00:00+00:00,329.6599999999997,329.9199999999997,328.8399999999997,329.1099999999997,1858
2026-03-23T17:15:00+00:00,329.1099999999997,329.4699999999997,328.24999999999966,329.05999999999966,1785
2026-03-23T17:30:00+00:00,329.05999999999966,330.7599999999997,329.0399999999997,329.79999999999967,1859
2026-03-23T17:45:00+00:00,329.79999999999967,330.8599999999997,328.79999999999967,330.8499999999997,1510
2026-03-23T18:00:00+00:00,330.8499999999997,331.4699999999997,330.17999999999967,331.1699999999997,1747
2026-03-23T18:15:00+00:00,331.1699999999997,331.5899999999997,330.73999999999967,331.1499999999997,1613
2026-03-23T18:30:00+00:00,331.1499999999997,333.0099999999997,331.0999999999997,332.43999999999966,1916
2026-03-23T18:45:00+00:00,332.43999999999966,333.3199999999997,332.37999999999965,333.1699999999997,1273
2026-03-23T19:00:00+00:00,333.1699999999997,334.55999999999966,332.37999999999965,334.0099999999997,1288
2026-03-23T19:15:00+00:00,334.0099999999997,334.55999999999966,333.18999999999966,334.24999999999966,1505
2026-03-23T19:30:00+00:00,334.24999999999966,334.2599999999997,332.6399999999997,333.36999999999966,1298
2026-03-23T19:45:00+00:00,333.36999999999966,333.9199999999997,331.1499999999997,331.7599999999997,2697
2026-03-24T13:30:00+00:00,331.7599999999997,333.1699999999997,324.7099999999997,325.18999999999966,1965
2026-03-24T13:45:00+00:00,325.18999999999966,326.7099999999997,324.7799999999997,325.93999999999966,2779
2026-03-24T14:00:00+00:00,325.93999999999966,326.2699999999997,323.79999999999967,324.2599999999997,3172
2026-03-24T14:15:00+00:00,324.2599999999997,325.43999999999966,323.9099999999997,324.5299999999997,3223
2026-03-24T14:30:00+00:00,324.5299999999997,325.8599999999997,324.12999999999965,325.79999999999967,2580
2026-03-24T14:45:00+00:00,325.79999999999967,329.2699999999997,324.8499999999997,326.1599999999997,3060
2026-03-24T15:00:00+00:00,326.1599999999997,328.3299999999997,326.1499999999997,327.93999999999966,2627
2026-03-24T15:15:00+00:00,327.93999999999966,329.5399999999997,327.7699999999997,328.3499999999997,2150
2026-03-24T15:30:00+00:00,328.3499999999997,328.8299999999997,327.6999999999997,328.04999999999967,1795
2026-03-24T15:45:00+00:00,328.04999999999967,328.54999999999967,327.3299999999997,327.5799999999997,1750
2026-03-24T16:00:00+00:00,327.5799999999997,328.04999999999967,326.2599999999997,326.7299999999997,1864
2026-03-24T16:15:00+00:00,326.7299999999997,328.1499999999997,326.7299999999997,327.8299999999997,1541
2026-03-24T16:30:00+00:00,327.8299999999997,328.0199999999997,325.43999999999966,325.8899999999997,1703
2026-03-24T16:45:00+00:00,325.8899999999997,327.3999999999997,325.79999999999967,326.6399999999997,1550
2026-03-24T17:00:00+00:00,326.6399999999997,326.9599999999997,324.5899999999997,325.2899999999997,2316
2026-03-24T17:15:00+00:00,325.2899999999997,326.5199999999997,324.7599999999997,326.4599999999997,1936
2026-03-24T17:30:00+00:00,326.4599999999997,327.0099999999997,325.8899999999997,326.1399999999997,1772
2026-03-24T17:45:00+00:00,326.1399999999997,328.2799999999997,326.12999999999965,328.05999999999966,2092
2026-03-24T18:00:00+00:00,328.05999999999966,328.73999999999967,327.17999999999967,327.67999999999967,1860
2026-03-24T18:15:00+00:00,327.67999999999967,328.8499999999997,326.9499999999997,328.49999999999966,1653
2026-03-24T18:30:00+00:00,328.49999999999966,329.8399999999997,328.3199999999997,328.8399999999997,1983
2026-03-24T18:45:00+00:00,328.8399999999997,329.04999999999967,327.37999999999965,327.3999999999997,1508
2026-03-24T19:00:00+00:00,327.3999999999997,328.5399999999997,327.3499999999997,328.1499999999997,1639
2026-03-24T19:15:00+00:00,328.1499999999997,328.4699999999997,327.61999999999966,327.7599999999997,1578
2026-03-24T19:30:00+00:00,327.7599999999997,328.1099999999997,326.9099999999997,327.0399999999997,1843
2026-03-24T19:45:00+00:00,327.0399999999997,327.5999999999997,326.3299999999997,327.5199999999997,2304
2026-03-25T13:30:00+00:00,327.5199999999997,332.5999999999997,327.04999999999967,330.74999999999966,2690
2026-03-25T13:45:00+00:00,330.74999999999966,331.92999999999967,329.3299999999997,329.3599999999997,4319
2026-03-25T14:00:00+00:00,329.3599999999997,332.2199999999997,328.0899999999997,332.0099999999997,4238
2026-03-25T14:15:00+00:00,332.0099999999997,333.2299999999997,330.7199999999997,331.2899999999997,4235
2026-03-25T14:30:00+00:00,331.2899999999997,331.49999999999966,329.5299999999997,329.8399999999997,3236
2026-03-25T14:45:00+00:00,329.8399999999997,330.6599999999997,329.2199999999997,329.55999999999966,2585
2026-03-25T15:00:00+00:00,329.55999999999966,330.1599999999997,328.48999999999967,329.9199999999997,2756
2026-03-25T15:15:00+00:00,329.9199999999997,329.98999999999967,327.62999999999965,329.2699999999997,3900
2026-03-25T15:30:00+00:00,329.2699999999997,330.29999999999967,328.2299999999997,328.9599999999997,2640
2026-03-25T15:45:00+00:00,328.9599999999997,329.6599999999997,328.0299999999997,329.4599999999997,2714
2026-03-25T16:00:00+00:00,329.4599999999997,329.49999999999966,327.2799999999997,328.0299999999997,2976
2026-03-25T16:15:00+00:00,328.0299999999997,329.4499999999997,327.48999999999967,328.5299999999997,3004
2026-03-25T16:30:00+00:00,328.5299999999997,329.7799999999997,328.0299999999997,329.3999999999997,2186
2026-03-25T16:45:00+00:00,329.3999999999997,330.9099999999997,329.30999999999966,329.67999999999967,1895
2026-03-25T17:00:00+00:00,329.67999999999967,330.0899999999997,327.6699999999997,328.7099999999997,2176
2026-03-25T17:15:00+00:00,328.7099999999997,329.79999999999967,328.1499999999997,328.8599999999997,2010
2026-03-25T17:30:00+00:00,328.8599999999997,329.2299999999997,327.7799999999997,328.7599999999997,1936
2026-03-25T17:45:00+00:00,328.7599999999997,328.99999999999966,327.8899999999997,328.5799999999997,2375
2026-03-25T18:00:00+00:00,328.5799999999997,328.7599999999997,327.8899999999997,328.4499999999997,1695
2026-03-25T18:15:00+00:00,328.4499999999997,328.9099999999997,327.74999999999966,327.86999999999966,1418
2026-03-25T18:30:00+00:00,327.86999999999966,328.11999999999966,327.12999999999965,327.30999999999966,1801
2026-03-25T18:45:00+00:00,327.30999999999966,327.6999999999997,326.3299999999997,326.6999999999997,2083
2026-03-25T19:00:00+00:00,326.6999999999997,326.6999999999997,325.7299999999997,326.3199999999997,2145
2026-03-25T19:15:00+00:00,326.3199999999997,327.2599999999997,326.0299999999997,326.04999999999967,1734
2026-03-25T19:30:00+00:00,326.04999999999967,326.99999999999966,325.8999999999997,326.5799999999997,1575
2026-03-25T19:45:00+00:00,326.5799999999997,328.0199999999997,326.4599999999997,327.8499999999997,2135
2026-03-26T13:30:00+00:00,327.8499999999997,327.8499999999997,321.0299999999997,323.2599999999997,1594
2026-03-26T13:45:00+00:00,323.2599999999997,324.3499999999997,322.2099999999997,323.7099999999997,1227
2026-03-26T14:00:00+00:00,323.7099999999997,325.7699999999997,323.17999999999967,324.24999999999966,5009
2026-03-26T14:15:00+00:00,324.24999999999966,324.5799999999997,322.7899999999997,322.7899999999997,3928
2026-03-26T14:30:00+00:00,322.7899999999997,324.43999999999966,322.3899999999997,322.4599999999997,4304
2026-03-26T14:45:00+00:00,322.4599999999997,322.8599999999997,321.1599999999997,322.23999999999967,5411
2026-03-26T15:00:00+00:00,322.23999999999967,322.79999999999967,321.8399999999997,321.87999999999965,4138
2026-03-26T15:15:00+00:00,321.87999999999965,322.4799999999997,321.23999999999967,321.7799999999997,3494
2026-03-26T15:30:00+00:00,321.7799999999997,322.62999999999965,321.29999999999967,322.5799999999997,2777
2026-03-26T15:45:00+00:00,322.5799999999997,324.0699999999997,322.55999999999966,323.9799999999997,3324
2026-03-26T16:00:00+00:00,323.9799999999997,324.12999999999965,322.2799999999997,322.80999999999966,2359
2026-03-26T16:15:00+00:00,322.80999999999966,322.8299999999997,321.0299999999997,321.04999999999967,2648
2026-03-26T16:30:00+00:00,321.04999999999967,321.9199999999997,320.8299999999997,321.4799999999997,2725
2026-03-26T16:45:00+00:00,321.4799999999997,321.6999999999997,320.04999999999967,320.6399999999997,2571
2026-03-26T17:00:00+00:00,320.6399999999997,321.61999999999966,320.36999999999966,321.3999999999997,2342
2026-03-26T17:15:00+00:00,321.3999999999997,322.1999999999997,320.8399999999997,321.4199999999997,2124
2026-03-26T17:30:00+00:00,321.4199999999997,321.9599999999997,319.8399999999997,319.86999999999966,2150
2026-03-26T17:45:00+00:00,319.86999999999966,320.2699999999997,319.18999999999966,319.5399999999997,2769
2026-03-26T18:00:00+00:00,319.5399999999997,320.12999999999965,319.05999999999966,319.9099999999997,2473
2026-03-26T18:15:00+00:00,319.9099999999997,320.05999999999966,318.93999999999966,319.0899999999997,2355
2026-03-26T18:30:00+00:00,319.0899999999997,319.9199999999997,319.04999999999967,319.7899999999997,2305
2026-03-26T18:45:00+00:00,319.7899999999997,320.9699999999997,319.6699999999997,320.6099999999997,1918
2026-03-26T19:00:00+00:00,320.6099999999997,321.17999999999967,319.23999999999967,319.74999999999966,2225
2026-03-26T19:15:00+00:00,319.74999999999966,320.2899999999997,319.5699999999997,319.80999999999966,2310
2026-03-26T19:30:00+00:00,319.80999999999966,320.2299999999997,319.3499999999997,319.6099999999997,2296
2026-03-26T19:45:00+00:00,319.6099999999997,319.8499999999997,318.1399999999997,318.5399999999997,2922
2026-03-27T13:30:00+00:00,318.5399999999997,318.5399999999997,312.3499999999997,314.8599999999997,4031
2026-03-27T13:45:00+00:00,314.8599999999997,316.3999999999997,310.8399999999997,311.37999999999965,4325
2026-03-27T14:00:00+00:00,311.37999999999965,313.4099999999997,310.9599999999997,312.6099999999997,5131
2026-03-27T14:15:00+00:00,312.6099999999997,313.8399999999997,311.87999999999965,312.12999999999965,4818
2026-03-27T14:30:00+00:00,312.12999999999965,312.79999999999967,311.43999999999966,312.0899999999997,3600
2026-03-27T14:45:00+00:00,312.0899999999997,313.3899999999997,311.93999999999966,312.4699999999997,3664
2026-03-27T15:00:00+00:00,312.4699999999997,313.3499999999997,312.24999999999966,312.80999999999966,3257
2026-03-27T15:15:00+00:00,312.80999999999966,313.8399999999997,312.2299999999997,313.29999999999967,3933
2026-03-27T15:30:00+00:00,313.29999999999967,314.6699999999997,312.3399999999997,312.61999999999966,3304
2026-03-27T15:45:00+00:00,312.61999999999966,313.3599999999997,312.5899999999997,312.87999999999965,3128
2026-03-27T16:00:00+00:00,312.87999999999965,313.30999999999966,311.4599999999997,312.1599999999997,2464
2026-03-27T16:15:00+00:00,312.1599999999997,312.18999999999966,311.24999999999966,311.3599999999997,2124
2026-03-27T16:30:00+00:00,311.3599999999997,311.49999999999966,309.4799999999997,310.8499999999997,2552
2026-03-27T16:45:00+00:00,310.8499999999997,311.99999999999966,310.6699999999997,311.5299999999997,2291
2026-03-27T17:00:00+00:00,311.5299999999997,311.7799999999997,310.12999999999965,310.6399999999997,2792
2026-03-27T17:15:00+00:00,310.6399999999997,310.73999999999967,308.6099999999997,308.68999999999966,2264
2026-03-27T17:30:00+00:00,308.68999999999966,309.7699999999997,308.17999999999967,309.6599999999997,2663
2026-03-27T17:45:00+00:00,309.6599999999997,310.0999999999997,309.29999999999967,309.9699999999997,2241
2026-03-27T18:00:00+00:00,309.9699999999997,311.0499999999997,309.93999999999966,311.02999999999975,2209.6958696767574
2026-03-27T18:15:00+00:00,311.02999999999975,312.34999999999974,310.9899999999997,312.10999999999973,2472
2026-03-27T18:30:00+00:00,312.10999999999973,312.33999999999975,310.82999999999976,311.71999999999974,2372
2026-03-27T18:45:00+00:00,311.71999999999974,311.85999999999973,310.9899999999997,311.56999999999977,2328
2026-03-27T19:00:00+00:00,311.56999999999977,311.8099999999997,310.63999999999976,311.15999999999974,2103
2026-03-27T19:15:00+00:00,311.15999999999974,311.9399999999997,310.78999999999974,310.7999999999997,2061
2026-03-27T19:30:00+00:00,310.7999999999997,311.2499999999997,310.09999999999974,310.33999999999975,2231
2026-03-27T19:45:00+00:00,310.33999999999975,310.6799999999997,307.94999999999976,309.9299999999997,3605
2026-03-30T13:30:00+00:00,309.9299999999997,313.65999999999974,308.09999999999974,308.84999999999974,2581
2026-03-30T13:45:00+00:00,308.84999999999974,309.0499999999997,303.02999999999975,303.65999999999974,4285
2026-03-30T14:00:00+00:00,303.65999999999974,306.91999999999973,303.40999999999974,306.03999999999974,4229
2026-03-30T14:15:00+00:00,306.03999999999974,306.40999999999974,304.33999999999975,304.38999999999976,3029
2026-03-30T14:30:00+00:00,304.38999999999976,305.53999999999974,301.4899999999997,301.83999999999975,3203
2026-03-30T14:45:00+00:00,301.83999999999975,305.02999999999975,301.62999999999977,304.96999999999974,3943
2026-03-30T15:00:00+00:00,304.96999999999974,306.12999999999977,304.19999999999976,304.2499999999997,3057
2026-03-30T15:15:00+00:00,304.2499999999997,305.20999999999975,303.40999999999974,304.41999999999973,2471
2026-03-30T15:30:00+00:00,304.41999999999973,306.01999999999975,304.10999999999973,305.65999999999974,2777
2026-03-30T15:45:00+00:00,305.65999999999974,306.3099999999997,305.09999999999974,305.44999999999976,2506
2026-03-30T16:00:00+00:00,305.44999999999976,305.6799999999997,303.7999999999997,303.95999999999975,2472
2026-03-30T16:15:00+00:00,303.95999999999975,303.96999999999974,302.6899999999997,302.69999999999976,2175
2026-03-30T16:30:00+00:00,302.69999999999976,303.15999999999974,302.38999999999976,302.85999999999973,2241
2026-03-30T16:45:00+00:00,302.85999999999973,303.57999999999976,302.59999999999974,302.91999999999973,1983
2026-03-30T17:00:00+00:00,302.91999999999973,303.44999999999976,302.4999999999997,302.57999999999976,2288
2026-03-30T17:15:00+00:00,302.57999999999976,302.88999999999976,301.1899999999997,302.0599999999997,2325
2026-03-30T17:30:00+00:00,302.0599999999997,302.6899999999997,301.4899999999997,302.25999999999976,2476
2026-03-30T17:45:00+00:00,302.25999999999976,302.75999999999976,301.10999999999973,301.52999999999975,2258
2026-03-30T18:00:00+00:00,301.52999999999975,301.53999999999974,300.72999999999973,301.03999999999974,1721
2026-03-30T18:15:00+00:00,301.03999999999974,301.84999999999974,300.58999999999975,300.8099999999997,1884
2026-03-30T18:30:00+00:00,300.8099999999997,301.69999999999976,300.60999999999973,301.38999999999976,1672
2026-03-30T18:45:00+00:00,301.38999999999976,301.7999999999997,300.38999999999976,300.83999999999975,1899
2026-03-30T19:00:00+00:00,300.83999999999975,300.91999999999973,299.3699999999997,299.52999999999975,2216
2026-03-30T19:15:00+00:00,299.52999999999975,299.9999999999997,299.03999999999974,299.22999999999973,2130
2026-03-30T19:30:00+00:00,299.22999999999973,300.62999999999977,299.22999999999973,300.41999999999973,2796
2026-03-30T19:45:00+00:00,300.41999999999973,303.00999999999976,300.1899999999997,302.69999999999976,3431
2026-03-31T13:30:00+00:00,302.69999999999976,309.35999999999973,302.69999999999976,307.10999999999973,2293
2026-03-31T13:45:00+00:00,307.10999999999973,311.2999999999997,307.10999999999973,310.70999999999975,2813
2026-03-31T14:00:00+00:00,310.70999999999975,311.9999999999997,309.59999999999974,310.83999999999975,3186
2026-03-31T14:15:00+00:00,310.83999999999975,312.5499999999997,310.72999999999973,312.2399999999997,2971
2026-03-31T14:30:00+00:00,312.2399999999997,312.60999999999973,311.2999999999997,311.70999999999975,2693
2026-03-31T14:45:00+00:00,311.70999999999975,312.66999999999973,309.15999999999974,309.71999999999974,2605
2026-03-31T15:00:00+00:00,309.71999999999974,311.81999999999977,309.59999999999974,311.33999999999975,2509
2026-03-31T15:15:00+00:00,311.33999999999975,311.75999999999976,310.09999999999974,310.7499999999997,2619
2026-03-31T15:30:00+00:00,310.7499999999997,311.19999999999976,309.71999999999974,309.88999999999976,2380
2026-03-31T15:45:00+00:00,309.88999999999976,310.64999999999975,309.3099999999997,309.35999999999973,2083
2026-03-31T16:00:00+00:00,309.35999999999973,310.91999999999973,309.28999999999974,310.46999999999974,1839
2026-03-31T16:15:00+00:00,310.46999999999974,312.37999999999977,310.39999999999975,312.1199999999997,1907
2026-03-31T16:30:00+00:00,312.1199999999997,317.50999999999976,311.6799999999997,316.52999999999975,2909
2026-03-31T16:45:00+00:00,316.52999999999975,317.6799999999997,314.4999999999997,315.7399999999997,2024
2026-03-31T17:00:00+00:00,315.7399999999997,316.91999999999973,315.34999999999974,316.75999999999976,3617
2026-03-31T17:15:00+00:00,316.75999999999976,317.70999999999975,316.09999999999974,316.32999999999976,3366
2026-03-31T17:30:00+00:00,316.32999999999976,317.31999999999977,315.08999999999975,316.09999999999974,3741
2026-03-31T17:45:00+00:00,316.09999999999974,316.53999999999974,315.3099999999997,315.97999999999973,2821
2026-03-31T18:00:00+00:00,315.97999999999973,316.85999999999973,315.91999999999973,316.5599999999997,2234
2026-03-31T18:15:00+00:00,316.5599999999997,317.3699999999997,316.1899999999997,317.1799999999997,2125
2026-03-31T18:30:00+00:00,317.1799999999997,318.12999999999977,316.94999999999976,317.59999999999974,2135
2026-03-31T18:45:00+00:00,317.59999999999974,318.5499999999997,317.59999999999974,317.90999999999974,1615
2026-03-31T19:00:00+00:00,317.90999999999974,318.88999999999976,317.59999999999974,318.64999999999975,1873
2026-03-31T19:15:00+00:00,318.64999999999975,319.35999999999973,318.56999999999977,318.70999999999975,2060
2026-03-31T19:30:00+00:00,318.70999999999975,319.1799999999997,318.33999999999975,318.62999999999977,2320
2026-03-31T19:45:00+00:00,318.62999999999977,319.01999999999975,317.7999999999997,318.58999999999975,3586
2026-04-01T13:30:00+00:00,318.58999999999975,324.45999999999975,318.58999999999975,323.16999999999973,4240
2026-04-01T13:45:00+00:00,323.16999999999973,323.94999999999976,321.19999999999976,321.7499999999997,4854
2026-04-01T14:00:00+00:00,321.7499999999997,322.7999999999997,321.19999999999976,322.2999999999997,5594
2026-04-01T14:15:00+00:00,322.2999999999997,323.02999999999975,321.34999999999974,322.40999999999974,4873
2026-04-01T14:30:00+00:00,322.40999999999974,322.5499999999997,320.34999999999974,320.7499999999997,3724
2026-04-01T14:45:00+00:00,320.7499999999997,322.08999999999975,320.4899999999997,322.03999999999974,2849
2026-04-01T15:00:00+00:00,322.03999999999974,322.75999999999976,321.6899999999997,322.08999999999975,2929
2026-04-01T15:15:00+00:00,322.08999999999975,322.60999999999973,321.59999999999974,321.70999999999975,2542
2026-04-01T15:30:00+00:00,321.70999999999975,323.21999999999974,321.53999999999974,322.81999999999977,2882
2026-04-01T15:45:00+00:00,322.81999999999977,324.27999999999975,322.53999999999974,323.77999999999975,2403
2026-04-01T16:00:00+00:00,323.77999999999975,324.82999999999976,323.41999999999973,324.15999999999974,2077
2026-04-01T16:15:00+00:00,324.15999999999974,324.38999999999976,323.08999999999975,323.10999999999973,1917
2026-04-01T16:30:00+00:00,323.10999999999973,323.9299999999997,322.97999999999973,323.20999999999975,1734
2026-04-01T16:45:00+00:00,323.20999999999975,323.3699999999997,322.85999999999973,322.94999999999976,1323
2026-04-01T17:00:00+00:00,322.94999999999976,323.4299999999997,322.60999999999973,323.2399999999997,1412
2026-04-01T17:15:00+00:00,323.2399999999997,323.56999999999977,322.52999999999975,323.40999999999974,1506
2026-04-01T17:30:00+00:00,323.40999999999974,323.71999999999974,322.70999999999975,323.3099999999997,1589
2026-04-01T17:45:00+00:00,323.3099999999997,323.70999999999975,322.33999999999975,322.41999999999973,1575
2026-04-01T18:00:00+00:00,322.41999999999973,322.56999999999977,320.9299999999997,321.40999999999974,2633
2026-04-01T18:15:00+00:00,321.40999999999974,321.4299999999997,319.52999999999975,320.34999999999974,2606
2026-04-01T18:30:00+00:00,320.34999999999974,321.3099999999997,319.9299999999997,320.63999999999976,2533
2026-04-01T18:45:00+00:00,320.63999999999976,321.32999999999976,320.34999999999974,320.81999999999977,2299
2026-04-01T19:00:00+00:00,320.81999999999977,322.25999999999976,320.64999999999975,322.08999999999975,2109
2026-04-01T19:15:00+00:00,322.08999999999975,323.90999999999974,322.06999999999977,323.33999999999975,1881
2026-04-01T19:30:00+00:00,323.33999999999975,323.59999999999974,322.5599999999997,323.06999999999977,1868
2026-04-01T19:45:00+00:00,323.06999999999977,323.45999999999975,322.27999999999975,322.63999999999976,2514
2026-04-02T13:30:00+00:00,322.63999999999976,322.63999999999976,311.10999999999973,311.2999999999997,2843
2026-04-02T13:45:00+00:00,311.2999999999997,316.6199999999997,310.82999999999976,315.96999999999974,3849
2026-04-02T14:00:00+00:00,315.96999999999974,318.9299999999997,315.44999999999976,317.89999999999975,3640
2026-04-02T14:15:00+00:00,317.89999999999975,319.07999999999976,317.10999999999973,317.12999999999977,3796
2026-04-02T14:30:00+00:00,317.12999999999977,322.72999999999973,317.10999999999973,322.57999999999976,2656
2026-04-02T14:45:00+00:00,322.57999999999976,322.83999999999975,319.69999999999976,321.9899999999997,3473.0197825232544
2026-04-02T15:00:00+00:00,321.9899999999997,322.38999999999976,320.38999999999976,321.6999999999997,3116
2026-04-02T15:15:00+00:00,321.6999999999997,322.53999999999974,320.7599999999997,322.0599999999997,2943
2026-04-02T15:30:00+00:00,322.0599999999997,323.0099999999997,321.21999999999974,322.66999999999973,3055
2026-04-02T15:45:00+00:00,322.66999999999973,322.6799999999997,320.6199999999997,321.6899999999997,2456
2026-04-02T16:00:00+00:00,321.6899999999997,322.38999999999976,320.2999999999997,320.3699999999997,2269
2026-04-02T16:15:00+00:00,320.3699999999997,320.45999999999975,319.10999999999973,320.14999999999975,2169
2026-04-02T16:30:00+00:00,320.14999999999975,321.5099999999997,319.0099999999997,321.1799999999997,2192
2026-04-02T16:45:00+00:00,321.1799999999997,321.9399999999997,321.0599999999997,321.35999999999973,2260
2026-04-02T17:00:00+00:00,321.35999999999973,322.10999999999973,320.8199999999997,321.91999999999973,2368
2026-04-02T17:15:00+00:00,321.91999999999973,322.14999999999975,321.4999999999997,321.9499999999997,1634
2026-04-02T17:30:00+00:00,321.9499999999997,322.1799999999997,321.59999999999974,321.89999999999975,1736
2026-04-02T17:45:00+00:00,321.89999999999975,321.97999999999973,320.8099999999997,321.66999999999973,1848
2026-04-02T18:00:00+00:00,321.66999999999973,322.64999999999975,321.52999999999975,322.0099999999997,1792
2026-04-02T18:15:00+00:00,322.0099999999997,322.8199999999997,321.57999999999976,322.07999999999976,1791
2026-04-02T18:30:00+00:00,322.07999999999976,322.6799999999997,321.72999999999973,322.52999999999975,1257
2026-04-02T18:45:00+00:00,322.52999999999975,322.8199999999997,321.85999999999973,321.95999999999975,1264
2026-04-02T19:00:00+00:00,321.95999999999975,323.1299999999997,321.59999999999974,322.6299999999997,1090
2026-04-02T19:15:00+00:00,322.6299999999997,322.76999999999975,322.09999999999974,322.1899999999997,994
2026-04-02T19:30:00+00:00,322.1899999999997,322.4999999999997,322.0499999999997,322.13999999999976,881
2026-04-02T19:45:00+00:00,322.13999999999976,323.76999999999975,322.1199999999997,323.64999999999975,1834
2026-04-06T13:30:00+00:00,323.64999999999975,325.33999999999975,319.21999999999974,321.7599999999997,1684
2026-04-06T13:45:00+00:00,321.7599999999997,323.1299999999997,321.39999999999975,322.6199999999997,2002
2026-04-06T14:00:00+00:00,322.6199999999997,323.22999999999973,319.6899999999997,320.90999999999974,2116
2026-04-06T14:15:00+00:00,320.90999999999974,321.41999999999973,320.59999999999974,320.60999999999973,1991
2026-04-06T14:30:00+00:00,320.60999999999973,321.35999999999973,319.84999999999974,320.1299999999997,1630
2026-04-06T14:45:00+00:00,320.1299999999997,321.4499999999997,319.60999999999973,321.01999999999975,1369
2026-04-06T15:00:00+00:00,321.01999999999975,321.64999999999975,320.10999999999973,320.6999999999997,1310
2026-04-06T15:15:00+00:00,320.6999999999997,321.78999999999974,320.2999999999997,321.46999999999974,1265
2026-04-06T15:30:00+00:00,321.46999999999974,322.27999999999975,320.60999999999973,322.15999999999974,1220
2026-04-06T15:45:00+00:00,322.15999999999974,323.2399999999997,322.0499999999997,323.22999999999973,1090
2026-04-06T16:00:00+00:00,323.22999999999973,323.2599999999997,321.3799999999997,321.6999999999997,963
2026-04-06T16:15:00+00:00,321.6999999999997,321.9499999999997,321.1199999999997,321.33999999999975,770
2026-04-06T16:30:00+00:00,321.33999999999975,321.64999999999975,321.21999999999974,321.4299999999997,776
2026-04-06T16:45:00+00:00,321.4299999999997,321.76999999999975,320.95999999999975,321.34999999999974,880
2026-04-06T17:00:00+00:00,321.34999999999974,321.60999999999973,319.60999999999973,319.97999999999973,1274
2026-04-06T17:15:00+00:00,319.97999999999973,321.5599999999997,319.91999999999973,321.45999999999975,1090
2026-04-06T17:30:00+00:00,321.45999999999975,322.09999999999974,321.20999999999975,321.2999999999997,1051
2026-04-06T17:45:00+00:00,321.2999999999997,321.4499999999997,320.9299999999997,320.97999999999973,711
2026-04-06T18:00:00+00:00,320.97999999999973,322.1899999999997,320.6999999999997,322.0699999999997,938
2026-04-06T18:15:00+00:00,322.0699999999997,323.0099999999997,321.9299999999997,322.51999999999975,951
2026-04-06T18:30:00+00:00,322.51999999999975,322.72999999999973,322.09999999999974,322.3099999999997,683
2026-04-06T18:45:00+00:00,322.3099999999997,322.53999999999974,322.14999999999975,322.4299999999997,535
2026-04-06T19:00:00+00:00,322.4299999999997,322.5699999999997,322.22999999999973,322.5099999999997,726
2026-04-06T19:15:00+00:00,322.5099999999997,323.33999999999975,322.28999999999974,323.1799999999997,760
2026-04-06T19:30:00+00:00,323.1799999999997,323.5699999999997,322.5499999999997,322.78999999999974,908
2026-04-06T19:45:00+00:00,322.78999999999974,323.6299999999997,322.65999999999974,323.3699999999997,1418
2026-04-07T13:30:00+00:00,323.3699999999997,338.8199999999997,323.3699999999997,335.3799999999997,5529
2026-04-07T13:45:00+00:00,335.3799999999997,336.5599999999997,332.7499999999997,333.5499999999997,6421
2026-04-07T14:00:00+00:00,333.5499999999997,334.20999999999975,331.71999999999974,333.64999999999975,6513
2026-04-07T14:15:00+00:00,333.64999999999975,334.52999999999975,332.4299999999997,333.46999999999974,6151
2026-04-07T14:30:00+00:00,333.46999999999974,333.88999999999976,331.7999999999997,332.65999999999974,4720
2026-04-07T14:45:00+00:00,332.65999999999974,333.6799999999997,331.97999999999973,332.01999999999975,3622
2026-04-07T15:00:00+00:00,332.01999999999975,333.77999999999975,330.9499999999997,333.10999999999973,4149
2026-04-07T15:15:00+00:00,333.10999999999973,335.8799999999997,333.0099999999997,335.45999999999975,4659
2026-04-07T15:30:00+00:00,335.45999999999975,336.22999999999973,334.53999999999974,334.6899999999997,3021
2026-04-07T15:45:00+00:00,334.6899999999997,335.9899999999997,334.5499999999997,335.60999999999973,3032
2026-04-07T16:00:00+00:00,335.60999999999973,337.2399999999997,335.4999999999997,336.3199999999997,4728
2026-04-07T16:15:00+00:00,336.3199999999997,339.21999999999974,336.27999999999975,338.4299999999997,3481
2026-04-07T16:30:00+00:00,338.4299999999997,341.91999999999973,338.10999999999973,341.88999999999976,3446
2026-04-07T16:45:00+00:00,341.88999999999976,342.8699999999997,341.38999999999976,341.90999999999974,3222
2026-04-07T17:00:00+00:00,341.90999999999974,342.20999999999975,340.91999999999973,341.34999999999974,2997
2026-04-07T17:15:00+00:00,341.34999999999974,341.34999999999974,339.6199999999997,340.21999999999974,2274
2026-04-07T17:30:00+00:00,340.21999999999974,341.7999999999997,339.85999999999973,341.72999999999973,3075
2026-04-07T17:45:00+00:00,341.72999999999973,341.9999999999997,340.4999999999997,340.53999999999974,2392
2026-04-07T18:00:00+00:00,340.53999999999974,340.65999999999974,338.72999999999973,339.3699999999997,2057
2026-04-07T18:15:00+00:00,339.3699999999997,340.77999999999975,339.1199999999997,340.10999999999973,2414
2026-04-07T18:30:00+00:00,340.10999999999973,341.3699999999997,339.63999999999976,339.89999999999975,2426
2026-04-07T18:45:00+00:00,339.89999999999975,339.9499999999997,337.34999999999974,337.8199999999997,2819
2026-04-07T19:00:00+00:00,337.8199999999997,339.15999999999974,337.45999999999975,338.52999999999975,2953
2026-04-07T19:15:00+00:00,338.52999999999975,341.5499999999997,338.22999999999973,339.5699999999997,5565
2026-04-07T19:30:00+00:00,339.5699999999997,341.38999999999976,339.4399999999997,340.9499999999997,3718
2026-04-07T19:45:00+00:00,340.9499999999997,343.2599999999997,340.6199999999997,342.97999999999973,4678
2026-04-08T13:30:00+00:00,342.97999999999973,363.07999999999976,342.97999999999973,356.97999999999973,4956
2026-04-08T13:45:00+00:00,356.97999999999973,357.34999999999974,354.16999999999973,355.13999999999976,7317
2026-04-08T14:00:00+00:00,355.13999999999976,356.51999999999975,354.0599999999997,356.3799999999997,6360
2026-04-08T14:15:00+00:00,356.3799999999997,356.8199999999997,354.65999999999974,355.66999999999973,4452
2026-04-08T14:30:00+00:00,355.66999999999973,355.84999999999974,353.88999999999976,353.9899999999997,4305
2026-04-08T14:45:00+00:00,353.9899999999997,354.08999999999975,351.60999999999973,353.11999999999966,4624.109826589595
2026-04-08T15:00:00+00:00,353.11999999999966,355.7899999999997,352.9799999999997,355.68999999999966,4249
2026-04-08T15:15:00+00:00,355.68999999999966,357.81999999999965,355.4099999999997,357.3899999999997,3784
2026-04-08T15:30:00+00:00,357.3899999999997,359.29999999999967,357.2699999999997,358.05999999999966,3492
2026-04-08T15:45:00+00:00,358.05999999999966,358.81999999999965,357.69999999999965,358.4099999999997,2444
2026-04-08T16:00:00+00:00,358.4099999999997,358.5899999999997,357.12999999999965,357.2299999999997,1731
2026-04-08T16:15:00+00:00,357.2299999999997,357.7199999999997,356.7199999999997,357.5999999999997,2187
2026-04-08T16:30:00+00:00,357.5999999999997,357.98999999999967,357.1399999999997,357.6399999999997,1987
2026-04-08T16:45:00+00:00,357.6399999999997,358.79999999999967,357.18999999999966,358.4199999999997,1787
2026-04-08T17:00:00+00:00,358.4199999999997,359.3299999999997,357.9699999999997,359.1599999999997,1728
2026-04-08T17:15:00+00:00,359.1599999999997,359.36999999999966,358.50999999999965,358.8299999999997,2472
2026-04-08T17:30:00+00:00,358.8299999999997,359.8899999999997,358.8299999999997,359.61999999999966,2542
2026-04-08T17:45:00+00:00,359.61999999999966,360.4599999999997,359.3899999999997,360.0799999999997,2004
2026-04-08T18:00:00+00:00,360.0799999999997,361.1099999999997,359.75999999999965,360.6599999999997,2272
2026-04-08T18:15:00+00:00,360.6599999999997,361.0899999999997,359.4599999999997,360.3399999999997,3570
2026-04-08T18:30:00+00:00,360.3399999999997,360.8299999999997,360.05999999999966,360.11999999999966,2184
2026-04-08T18:45:00+00:00,360.11999999999966,360.4699999999997,358.49999999999966,358.5199999999997,2119
2026-04-08T19:00:00+00:00,358.5199999999997,360.61999999999966,358.2799999999997,360.1099999999997,2859
2026-04-08T19:15:00+00:00,360.1099999999997,360.29999999999967,358.8599999999997,359.1599999999997,2134
2026-04-08T19:30:00+00:00,359.1599999999997,360.4199999999997,359.1099999999997,360.3899999999997,2214
2026-04-08T19:45:00+00:00,360.3899999999997,360.7699999999997,359.1499999999997,359.75999999999965,2439
2026-04-09T13:30:00+00:00,359.75999999999965,366.44999999999965,359.75999999999965,364.44999999999965,2021
2026-04-09T13:45:00+00:00,364.44999999999965,364.6399999999997,362.3899999999997,363.9199999999997,1747
2026-04-09T14:00:00+00:00,363.9199999999997,365.49999999999966,361.48999999999967,362.3499999999997,1844
2026-04-09T14:15:00+00:00,362.3499999999997,362.7099999999997,361.31999999999965,362.11999999999966,1526
2026-04-09T14:30:00+00:00,362.11999999999966,362.44999999999965,361.24999999999966,361.80999999999966,1277
2026-04-09T14:45:00+00:00,361.80999999999966,362.94999999999965,361.62999999999965,362.54999999999967,1286
2026-04-09T15:00:00+00:00,362.54999999999967,363.5899999999997,362.3999999999997,363.44999999999965,1172
2026-04-09T15:15:00+00:00,363.44999999999965,364.4199999999997,363.1699999999997,364.00999999999965,1306
2026-04-09T15:30:00+00:00,364.00999999999965,365.9699999999997,363.3999999999997,365.2099999999997,1880
2026-04-09T15:45:00+00:00,365.2099999999997,366.7099999999997,364.5299999999997,366.7099999999997,1428
2026-04-09T16:00:00+00:00,366.7099999999997,367.68999999999966,366.19999999999965,366.2099999999997,1586
2026-04-09T16:15:00+00:00,366.2099999999997,367.3999999999997,366.2099999999997,367.1499999999997,1163
2026-04-09T16:30:00+00:00,367.1499999999997,367.3899999999997,366.5999999999997,366.6399999999997,1082
2026-04-09T16:45:00+00:00,366.6399999999997,367.4199999999997,366.0999999999997,366.74999999999966,860
2026-04-09T17:00:00+00:00,366.74999999999966,367.3399999999997,366.3399999999997,366.56999999999965,1078
2026-04-09T17:15:00+00:00,366.56999999999965,366.74999999999966,365.67999999999967,365.7799999999997,1005
2026-04-09T17:30:00+00:00,365.7799999999997,367.0899999999997,364.80999999999966,366.1499999999997,1107
2026-04-09T17:45:00+00:00,366.1499999999997,366.87999999999965,365.7299999999997,366.50999999999965,837
2026-04-09T18:00:00+00:00,366.50999999999965,366.61999999999966,365.1599999999997,365.4099999999997,1235
2026-04-09T18:15:00+00:00,365.4099999999997,365.5999999999997,364.3599999999997,364.5999999999997,1228
2026-04-09T18:30:00+00:00,364.5999999999997,365.0299999999997,364.2099999999997,364.75999999999965,1041
2026-04-09T18:45:00+00:00,364.75999999999965,365.1599999999997,364.30999999999966,364.3599999999997,940
2026-04-09T19:00:00+00:00,364.3599999999997,364.8899999999997,364.0799999999997,364.2099999999997,917
2026-04-09T19:15:00+00:00,364.2099999999997,364.3299999999997,362.69999999999965,362.80999999999966,1263
2026-04-09T19:30:00+00:00,362.80999999999966,364.43999999999966,362.79999999999967,364.2799999999997,1246
2026-04-09T19:45:00+00:00,364.2799999999997,364.55999999999966,363.9199999999997,363.9199999999997,1902
2026-04-10T13:30:00+00:00,363.9199999999997,380.2699999999997,363.9199999999997,380.18999999999966,3947
2026-04-10T13:45:00+00:00,380.18999999999966,383.2099999999997,378.79999999999967,379.12999999999965,5335
2026-04-10T14:00:00+00:00,379.12999999999965,380.0199999999997,376.48999999999967,379.7699999999997,4726
2026-04-10T14:15:00+00:00,379.7699999999997,382.8299999999997,379.0999999999997,382.29999999999967,4610
2026-04-10T14:30:00+00:00,382.29999999999967,383.75999999999965,381.0999999999997,381.92999999999967,3577
2026-04-10T14:45:00+00:00,381.92999999999967,384.4199999999997,381.8299999999997,384.37999999999965,2903.6731468706885
2026-04-10T15:00:00+00:00,384.37999999999965,385.45999999999964,383.5899999999997,384.98999999999967,3229
2026-04-10T15:15:00+00:00,384.98999999999967,385.5899999999997,384.45999999999964,384.87999999999965,2919
2026-04-10T15:30:00+00:00,384.87999999999965,385.17999999999967,382.92999999999967,384.2199999999997,2986
2026-04-10T15:45:00+00:00,384.2199999999997,384.32999999999964,380.4699999999997,380.86999999999966,2505
2026-04-10T16:00:00+00:00,380.86999999999966,381.9699999999997,380.04999999999967,381.7799999999997,2405
2026-04-10T16:15:00+00:00,381.7799999999997,381.9199999999997,379.9699999999997,380.07999999999964,1934
2026-04-10T16:30:00+00:00,380.07999999999964,381.11999999999966,379.8599999999997,380.57999999999964,1863
2026-04-10T16:45:00+00:00,380.57999999999964,381.9099999999997,380.57999999999964,381.68999999999966,2148
2026-04-10T17:00:00+00:00,381.68999999999966,382.20999999999964,380.75999999999965,381.07999999999964,1854
2026-04-10T17:15:00+00:00,381.07999999999964,381.1699999999997,379.76999999999964,380.42999999999967,1956
2026-04-10T17:30:00+00:00,380.42999999999967,382.2199999999997,380.2299999999997,382.14999999999964,2108
2026-04-10T17:45:00+00:00,382.14999999999964,383.24999999999966,381.89999999999964,382.8499999999997,1699
2026-04-10T18:00:00+00:00,382.8499999999997,383.37999999999965,382.4799999999997,383.00999999999965,1900
2026-04-10T18:15:00+00:00,383.00999999999965,383.44999999999965,382.6599999999997,382.81999999999965,1809
2026-04-10T18:30:00+00:00,382.81999999999965,383.18999999999966,382.25999999999965,382.67999999999967,1737
2026-04-10T18:45:00+00:00,382.67999999999967,382.8599999999997,382.3399999999997,382.6099999999997,1504
2026-04-10T19:00:00+00:00,382.6099999999997,383.3399999999997,382.3399999999997,383.0899999999997,1544
2026-04-10T19:15:00+00:00,383.0899999999997,383.54999999999967,382.70999999999964,383.37999999999965,2131
2026-04-10T19:30:00+00:00,383.37999999999965,383.37999999999965,381.87999999999965,381.98999999999967,2252
2026-04-10T19:45:00+00:00,381.98999999999967,382.20999999999964,380.2199999999997,380.5899999999997,2788
2026-04-13T13:30:00+00:00,380.5899999999997,382.9799999999997,379.07999999999964,379.4799999999997,1199
2026-04-13T13:45:00+00:00,379.4799999999997,380.9099999999997,378.5299999999997,380.45999999999964,1092
2026-04-13T14:00:00+00:00,380.45999999999964,381.8399999999997,379.81999999999965,380.54999999999967,1501
2026-04-13T14:15:00+00:00,380.54999999999967,382.57999999999964,380.11999999999966,382.0399999999997,1557
2026-04-13T14:30:00+00:00,382.0399999999997,383.95999999999964,381.8599999999997,383.8499999999997,1408
2026-04-13T14:45:00+00:00,383.8499999999997,384.86999999999966,382.80999999999966,384.3499999999997,1588
2026-04-13T15:00:00+00:00,384.3499999999997,384.3599999999997,382.80999999999966,383.39999999999964,1250
2026-04-13T15:15:00+00:00,383.39999999999964,384.17999999999967,383.05999999999966,383.05999999999966,1222
2026-04-13T15:30:00+00:00,383.05999999999966,383.4199999999997,382.5299999999997,382.7299999999997,1170
2026-04-13T15:45:00+00:00,382.7299999999997,382.98999999999967,381.7299999999997,382.1599999999997,804
2026-04-13T16:00:00+00:00,382.1599999999997,382.3499999999997,381.05999999999966,381.9799999999997,1207
2026-04-13T16:15:00+00:00,381.9799999999997,383.57999999999964,381.6599999999997,383.32999999999964,1090
2026-04-13T16:30:00+00:00,383.32999999999964,384.94999999999965,383.30999999999966,384.6599999999997,1556
2026-04-13T16:45:00+00:00,384.6599999999997,387.44999999999965,384.5999999999997,387.05999999999966,1542
2026-04-13T17:00:00+00:00,387.05999999999966,387.5399999999997,384.70999999999964,385.32999999999964,1118
2026-04-13T17:15:00+00:00,385.32999999999964,386.56999999999965,385.07999999999964,385.98999999999967,893
2026-04-13T17:30:00+00:00,385.98999999999967,386.12999999999965,385.4199999999997,385.4799999999997,814
2026-04-13T17:45:00+00:00,385.4799999999997,386.0299999999997,385.05999999999966,385.24999999999966,740
2026-04-13T18:00:00+00:00,385.24999999999966,386.1599999999997,385.1599999999997,386.00999999999965,872
2026-04-13T18:15:00+00:00,386.00999999999965,386.19999999999965,385.4799999999997,385.69999999999965,615
2026-04-13T18:30:00+00:00,385.69999999999965,386.7299999999997,385.48999999999967,386.55999999999966,767
2026-04-13T18:45:00+00:00,386.55999999999966,387.7299999999997,386.5299999999997,387.43999999999966,915
2026-04-13T19:00:00+00:00,387.43999999999966,387.80999999999966,386.92999999999967,387.6599999999997,769
2026-04-13T19:15:00+00:00,387.6599999999997,388.5299999999997,387.6599999999997,388.1699999999997,861
2026-04-13T19:30:00+00:00,388.1699999999997,388.76999999999964,387.92999999999967,388.37999999999965,960
2026-04-13T19:45:00+00:00,388.37999999999965,389.57999999999964,387.8499999999997,388.7899999999997,2361
2026-04-14T13:30:00+00:00,388.7899999999997,390.6599999999997,385.3599999999997,387.87999999999965,1047
2026-04-14T13:45:00+00:00,387.87999999999965,391.2899999999997,387.31999999999965,387.9799999999997,1149
2026-04-14T14:00:00+00:00,387.9799999999997,389.04999999999967,387.29999999999967,388.38999999999965,976
2026-04-14T14:15:00+00:00,388.38999999999965,389.06999999999965,386.82999999999964,387.76999999999964,1018
2026-04-14T14:30:00+00:00,387.76999999999964,388.0999999999997,386.95999999999964,387.36999999999966,870
2026-04-14T14:45:00+00:00,387.36999999999966,389.30999999999966,387.2899999999997,389.1699999999997,890
2026-04-14T15:00:00+00:00,389.1699999999997,389.20999999999964,387.68999999999966,387.76999999999964,829
2026-04-14T15:15:00+00:00,387.76999999999964,388.67999999999967,387.54999999999967,387.7799999999997,767
2026-04-14T15:30:00+00:00,387.7799999999997,388.6099999999997,387.4099999999997,388.45999999999964,960
2026-04-14T15:45:00+00:00,388.45999999999964,390.3499999999997,388.44999999999965,389.2199999999997,1083
2026-04-14T16:00:00+00:00,389.2199999999997,389.64999999999964,389.06999999999965,389.14999999999964,682
2026-04-14T16:15:00+00:00,389.14999999999964,389.7799999999997,389.14999999999964,389.38999999999965,658
2026-04-14T16:30:00+00:00,389.38999999999965,389.75999999999965,389.14999999999964,389.68999999999966,633
2026-04-14T16:45:00+00:00,389.68999999999966,390.0399999999997,388.1599999999997,388.36999999999966,718
2026-04-14T17:00:00+00:00,388.36999999999966,389.2299999999997,387.9199999999997,389.2299999999997,662
2026-04-14T17:15:00+00:00,389.2299999999997,389.92999999999967,388.92999999999967,389.63999999999965,733
2026-04-14T17:30:00+00:00,389.63999999999965,390.92999999999967,389.57999999999964,390.7799999999997,959
2026-04-14T17:45:00+00:00,390.7799999999997,390.9199999999997,389.7299999999997,389.92999999999967,559
2026-04-14T18:00:00+00:00,389.92999999999967,389.9699999999997,389.14999999999964,389.48999999999967,554
2026-04-14T18:15:00+00:00,389.48999999999967,389.50999999999965,388.39999999999964,388.98999999999967,624
2026-04-14T18:30:00+00:00,388.98999999999967,389.04999999999967,387.30999999999966,387.30999999999966,585
2026-04-14T18:45:00+00:00,387.30999999999966,387.86999999999966,387.2799999999997,387.8499999999997,517
2026-04-14T19:00:00+00:00,387.8499999999997,388.7799999999997,387.54999999999967,388.31999999999965,611
2026-04-14T19:15:00+00:00,388.31999999999965,389.32999999999964,388.31999999999965,389.19999999999965,637
2026-04-14T19:30:00+00:00,389.19999999999965,389.3499999999997,388.4699999999997,388.7199999999997,926
2026-04-14T19:45:00+00:00,388.7199999999997,389.8399999999997,388.23999999999967,389.8399999999997,1731
2026-04-15T13:30:00+00:00,389.8399999999997,402.6599999999997,389.8399999999997,398.05999999999966,1044
2026-04-15T13:45:00+00:00,398.05999999999966,405.24999999999966,397.9199999999997,404.62999999999965,1701
2026-04-15T14:00:00+00:00,404.62999999999965,405.23999999999967,402.8499999999997,403.39999999999964,1318
2026-04-15T14:15:00+00:00,403.39999999999964,405.29999999999967,402.4099999999997,403.98999999999967,1235
2026-04-15T14:30:00+00:00,403.98999999999967,405.5899999999997,403.55999999999966,404.6099999999997,1263
2026-04-15T14:45:00+00:00,404.6099999999997,405.2899999999997,402.5999999999997,403.5799999999997,1111.0044899677284
2026-04-15T15:00:00+00:00,403.5799999999997,403.8699999999997,402.7399999999997,402.7899999999997,1029
2026-04-15T15:15:00+00:00,402.7899999999997,402.9199999999997,400.5699999999997,400.6899999999997,1102
2026-04-15T15:30:00+00:00,400.6899999999997,401.6499999999997,400.2699999999997,401.2499999999997,865
2026-04-15T15:45:00+00:00,401.2499999999997,401.9199999999997,400.8799999999997,401.3899999999997,1002
2026-04-15T16:00:00+00:00,401.3899999999997,403.6599999999997,401.3099999999997,403.2799999999997,1046
2026-04-15T16:15:00+00:00,403.2799999999997,403.5099999999997,401.1799999999997,401.4099999999997,1131
2026-04-15T16:30:00+00:00,401.4099999999997,401.5099999999997,398.6399999999997,398.8799999999997,1148
2026-04-15T16:45:00+00:00,398.8799999999997,399.7099999999997,397.5699999999997,398.9699999999997,1126
2026-04-15T17:00:00+00:00,398.9699999999997,400.3399999999997,398.8999999999997,399.8199999999997,793
2026-04-15T17:15:00+00:00,399.8199999999997,400.9199999999997,399.7599999999997,400.8799999999997,712
2026-04-15T17:30:00+00:00,400.8799999999997,401.5799999999997,400.4299999999997,400.6399999999997,666
2026-04-15T17:45:00+00:00,400.6399999999997,401.3699999999997,400.4299999999997,400.7399999999997,563
2026-04-15T18:00:00+00:00,400.7399999999997,401.8899999999997,400.2499999999997,401.6599999999997,814
2026-04-15T18:15:00+00:00,401.6599999999997,402.2599999999997,401.5699999999997,402.1299999999997,673
2026-04-15T18:30:00+00:00,402.1299999999997,402.5299999999997,401.8699999999997,402.0999999999997,791
2026-04-15T18:45:00+00:00,402.0999999999997,402.9899999999997,401.5299999999997,402.7499999999997,798
2026-04-15T19:00:00+00:00,402.7499999999997,403.8399999999997,402.5699999999997,403.2599999999997,847
2026-04-15T19:15:00+00:00,403.2599999999997,403.9599999999997,403.2099999999997,403.8399999999997,831
2026-04-15T19:30:00+00:00,403.8399999999997,404.1199999999997,403.4199999999997,403.5399999999997,989
2026-04-15T19:45:00+00:00,403.5399999999997,406.1499999999997,403.0999999999997,405.8699999999997,2045
2026-04-16T13:30:00+00:00,405.8699999999997,407.4699999999997,401.4199999999997,407.2599999999997,1577
2026-04-16T13:45:00+00:00,407.2599999999997,408.0299999999997,402.6999999999997,404.7699999999997,2440
2026-04-16T14:00:00+00:00,404.7699999999997,406.9499999999997,404.7699999999997,406.3499999999997,2122
2026-04-16T14:15:00+00:00,406.3499999999997,407.1399999999997,404.5499999999997,406.3699999999997,1852
2026-04-16T14:30:00+00:00,406.3699999999997,406.8999999999997,406.1399999999997,406.7099999999997,1581
2026-04-16T14:45:00+00:00,406.7099999999997,407.2399999999997,406.1699999999997,406.4799999999997,1638
2026-04-16T15:00:00+00:00,406.4799999999997,407.9399999999997,406.4699999999997,407.6299999999997,1496
2026-04-16T15:15:00+00:00,407.6299999999997,408.7099999999997,405.8699999999997,405.8699999999997,1657
2026-04-16T15:30:00+00:00,405.8699999999997,407.4699999999997,405.7399999999997,406.3399999999997,1678
2026-04-16T15:45:00+00:00,406.3399999999997,407.6499999999997,405.3199999999997,407.3199999999997,1367
2026-04-16T16:00:00+00:00,407.3199999999997,407.7899999999997,406.7899999999997,407.7599999999997,1064
2026-04-16T16:15:00+00:00,407.7599999999997,408.1699999999997,406.8499999999997,406.8899999999997,1019
2026-04-16T16:30:00+00:00,406.8899999999997,407.0699999999997,404.9599999999997,406.3399999999997,1399
2026-04-16T16:45:00+00:00,406.3399999999997,406.9899999999997,406.1399999999997,406.6699999999997,1071
2026-04-16T17:00:00+00:00,406.6699999999997,407.0499999999997,405.4999999999997,405.6999999999997,1159
2026-04-16T17:15:00+00:00,405.6999999999997,407.0099999999997,405.4999999999997,406.5999999999997,1206
2026-04-16T17:30:00+00:00,406.5999999999997,407.7999999999997,406.2299999999997,407.6699999999997,881
2026-04-16T17:45:00+00:00,407.6699999999997,407.6999999999997,405.9699999999997,406.2299999999997,1158
2026-04-16T18:00:00+00:00,406.2299999999997,406.8499999999997,405.3699999999997,406.1199999999997,1304
2026-04-16T18:15:00+00:00,406.1199999999997,406.4199999999997,405.1899999999997,405.4999999999997,1243
2026-04-16T18:30:00+00:00,405.4999999999997,406.9099999999997,405.4099999999997,406.8899999999997,1102
2026-04-16T18:45:00+00:00,406.8899999999997,407.3199999999997,406.3199999999997,406.6599999999997,1045
2026-04-16T19:00:00+00:00,406.6599999999997,407.3299999999997,406.6599999999997,407.0099999999997,1019
2026-04-16T19:15:00+00:00,407.0099999999997,407.7499999999997,406.9799999999997,407.1699999999997,725
2026-04-16T19:30:00+00:00,407.1699999999997,407.8799999999997,406.9099999999997,407.2799999999997,791
2026-04-16T19:45:00+00:00,407.2799999999997,408.2199999999997,407.0699999999997,407.5599999999997,1490
2026-04-17T13:30:00+00:00,407.5599999999997,412.4899999999997,407.5599999999997,412.0799999999997,882
2026-04-17T13:45:00+00:00,412.0799999999997,412.7999999999997,410.5699999999997,412.1399999999997,858
2026-04-17T14:00:00+00:00,412.1399999999997,414.3799999999997,411.8699999999997,413.5499999999997,1199
2026-04-17T14:15:00+00:00,413.5499999999997,413.7199999999997,410.1599999999997,410.60999999999973,1064
2026-04-17T14:30:00+00:00,410.60999999999973,412.7999999999997,410.60999999999973,412.2899999999997,1227
2026-04-17T14:45:00+00:00,412.2899999999997,413.2099999999997,410.8999999999997,411.4399999999997,1239.2440930893586
2026-04-17T15:00:00+00:00,411.4399999999997,412.21999999999974,410.9899999999997,411.78999999999974,928
2026-04-17T15:15:00+00:00,411.78999999999974,412.59999999999974,411.76999999999975,411.89999999999975,899
2026-04-17T15:30:00+00:00,411.89999999999975,413.4899999999997,411.88999999999976,412.6899999999997,970
2026-04-17T15:45:00+00:00,412.6899999999997,413.14999999999975,411.09999999999974,411.09999999999974,904
2026-04-17T16:00:00+00:00,411.09999999999974,411.89999999999975,410.88999999999976,411.45999999999975,868
2026-04-17T16:15:00+00:00,411.45999999999975,412.01999999999975,411.12999999999977,411.83999999999975,818
2026-04-17T16:30:00+00:00,411.83999999999975,412.69999999999976,411.76999999999975,412.22999999999973,1086
2026-04-17T16:45:00+00:00,412.22999999999973,412.7499999999997,412.1199999999997,412.2999999999997,670
2026-04-17T17:00:00+00:00,412.2999999999997,413.51999999999975,412.08999999999975,412.72999999999973,849
2026-04-17T17:15:00+00:00,412.72999999999973,412.9399999999997,410.60999999999973,411.38999999999976,766
2026-04-17T17:30:00+00:00,411.38999999999976,412.47999999999973,411.08999999999975,412.38999999999976,739
2026-04-17T17:45:00+00:00,412.38999999999976,413.1799999999997,412.37999999999977,412.38999999999976,658
2026-04-17T18:00:00+00:00,412.38999999999976,412.88999999999976,411.85999999999973,412.16999999999973,847
2026-04-17T18:15:00+00:00,412.16999999999973,412.9899999999997,411.81999999999977,412.50999999999976,863
2026-04-17T18:30:00+00:00,412.50999999999976,412.96999999999974,412.45999999999975,412.6899999999997,701
2026-04-17T18:45:00+00:00,412.6899999999997,413.03999999999974,412.08999999999975,412.63999999999976,803
2026-04-17T19:00:00+00:00,412.63999999999976,412.83999999999975,411.88999999999976,412.03999999999974,778
2026-04-17T19:15:00+00:00,412.03999999999974,413.2399999999997,412.03999999999974,412.84999999999974,919
2026-04-17T19:30:00+00:00,412.84999999999974,414.4999999999997,412.78999999999974,414.33999999999975,1094
2026-04-17T19:45:00+00:00,414.33999999999975,415.81999999999977,414.20999999999975,415.71999999999974,1869
2026-04-20T13:30:00+00:00,415.71999999999974,415.71999999999974,410.38999999999976,411.9399999999997,1248
2026-04-20T13:45:00+00:00,411.9399999999997,412.31999999999977,410.59999999999974,411.13999999999976,1632
2026-04-20T14:00:00+00:00,411.13999999999976,411.97999999999973,408.14999999999975,409.13999999999976,1765
2026-04-20T14:15:00+00:00,409.13999999999976,409.13999999999976,407.2499999999997,408.2999999999997,1720
2026-04-20T14:30:00+00:00,408.2999999999997,409.41999999999973,407.4899999999997,408.32999999999976,1605
2026-04-20T14:45:00+00:00,408.32999999999976,408.77999999999975,406.59999999999974,406.9299999999997,1705
2026-04-20T15:00:00+00:00,406.9299999999997,407.77999999999975,405.1899999999997,405.62999999999977,1750
2026-04-20T15:15:00+00:00,405.62999999999977,407.44999999999976,404.9899999999997,407.20999999999975,1490
2026-04-20T15:30:00+00:00,407.20999999999975,407.66999999999973,406.08999999999975,406.1199999999997,1230
2026-04-20T15:45:00+00:00,406.1199999999997,406.5499999999997,405.38999999999976,406.09999999999974,1050
2026-04-20T16:00:00+00:00,406.09999999999974,407.01999999999975,405.7399999999997,406.95999999999975,874
2026-04-20T16:15:00+00:00,406.95999999999975,407.22999999999973,406.4999999999997,406.71999999999974,852
2026-04-20T16:30:00+00:00,406.71999999999974,407.40999999999974,406.6199999999997,407.00999999999976,793
2026-04-20T16:45:00+00:00,407.00999999999976,407.12999999999977,406.08999999999975,406.47999999999973,740
2026-04-20T17:00:00+00:00,406.47999999999973,406.85999999999973,405.87999999999977,405.91999999999973,883
2026-04-20T17:15:00+00:00,405.91999999999973,406.64999999999975,405.69999999999976,406.08999999999975,755
2026-04-20T17:30:00+00:00,406.08999999999975,406.16999999999973,405.45999999999975,406.09999999999974,875
2026-04-20T17:45:00+00:00,406.09999999999974,406.46999999999974,405.7999999999997,405.91999999999973,848
2026-04-20T18:00:00+00:00,405.91999999999973,406.20999999999975,405.15999999999974,405.5599999999997,823
2026-04-20T18:15:00+00:00,405.5599999999997,406.31999999999977,405.25999999999976,406.12999999999977,804
2026-04-20T18:30:00+00:00,406.12999999999977,407.01999999999975,405.62999999999977,406.91999999999973,736
2026-04-20T18:45:00+00:00,406.91999999999973,407.6899999999997,406.83999999999975,407.33999999999975,897
2026-04-20T19:00:00+00:00,407.33999999999975,408.03999999999974,407.08999999999975,407.90999999999974,767
2026-04-20T19:15:00+00:00,407.90999999999974,408.19999999999976,407.45999999999975,407.89999999999975,789
2026-04-20T19:30:00+00:00,407.89999999999975,408.41999999999973,407.51999999999975,408.01999999999975,900
2026-04-20T19:45:00+00:00,408.01999999999975,408.88999999999976,407.19999999999976,408.84999999999974,1810
2026-04-21T13:30:00+00:00,408.84999999999974,408.84999999999974,404.19999999999976,405.4899999999997,2676
2026-04-21T13:45:00+00:00,405.4899999999997,406.7499999999997,403.63999999999976,406.51999999999975,3768
2026-04-21T14:00:00+00:00,406.51999999999975,408.02999999999975,406.0499999999997,406.71999999999974,2701
2026-04-21T14:15:00+00:00,406.71999999999974,408.12999999999977,406.69999999999976,407.91999999999973,2762
2026-04-21T14:30:00+00:00,407.91999999999973,408.41999999999973,407.07999999999976,407.6799999999997,2639
2026-04-21T14:45:00+00:00,407.6799999999997,409.9999999999997,407.59999999999974,407.85999999999973,2463
2026-04-21T15:00:00+00:00,407.85999999999973,411.07999999999976,406.9899999999997,410.9399999999997,2406
2026-04-21T15:15:00+00:00,410.9399999999997,412.46999999999974,410.25999999999976,410.82999999999976,1524
2026-04-21T15:30:00+00:00,410.82999999999976,411.94999999999976,410.69999999999976,410.83999999999975,1199
2026-04-21T15:45:00+00:00,410.83999999999975,411.08999999999975,409.84999999999974,410.35999999999973,1172
2026-04-21T16:00:00+00:00,410.35999999999973,411.46999999999974,410.27999999999975,411.14999999999975,975
2026-04-21T16:15:00+00:00,411.14999999999975,412.5499999999997,411.12999999999977,411.1799999999997,755
2026-04-21T16:30:00+00:00,411.1799999999997,412.12999999999977,409.58999999999975,409.78999999999974,801
2026-04-21T16:45:00+00:00,409.78999999999974,411.16999999999973,409.78999999999974,410.65999999999974,751
2026-04-21T17:00:00+00:00,410.65999999999974,411.09999999999974,409.7499999999997,410.25999999999976,852
2026-04-21T17:15:00+00:00,410.25999999999976,410.6799999999997,408.90999999999974,409.25999999999976,815
2026-04-21T17:30:00+00:00,409.25999999999976,411.7999999999997,409.22999999999973,410.89999999999975,1127
2026-04-21T17:45:00+00:00,410.89999999999975,410.9999999999997,410.08999999999975,410.57999999999976,643
2026-04-21T18:00:00+00:00,410.57999999999976,411.31999999999977,410.09999999999974,410.87999999999977,686
2026-04-21T18:15:00+00:00,410.87999999999977,411.0499999999997,409.64999999999975,409.90999999999974,776
2026-04-21T18:30:00+00:00,409.90999999999974,410.72999999999973,409.89999999999975,410.5599999999997,662
2026-04-21T18:45:00+00:00,410.5599999999997,411.4999999999997,410.07999999999976,411.08999999999975,951
2026-04-21T19:00:00+00:00,411.08999999999975,411.52999999999975,410.1899999999997,410.45999999999975,866
2026-04-21T19:15:00+00:00,410.45999999999975,411.37999999999977,410.09999999999974,411.25999999999976,904
2026-04-21T19:30:00+00:00,411.25999999999976,411.7499999999997,408.10999999999973,408.4999999999997,1355
2026-04-21T19:45:00+00:00,408.4999999999997,411.6899999999997,408.4999999999997,411.4999999999997,2207
2026-04-22T13:30:00+00:00,411.4999999999997,417.71999999999974,411.4999999999997,416.12999999999977,858
2026-04-22T13:45:00+00:00,416.12999999999977,416.69999999999976,413.9399999999997,416.6199999999997,1405
2026-04-22T14:00:00+00:00,416.6199999999997,418.4899999999997,416.6199999999997,418.41999999999973,1736
2026-04-22T14:15:00+00:00,418.41999999999973,421.00999999999976,417.69999999999976,420.21999999999974,2158
2026-04-22T14:30:00+00:00,420.21999999999974,421.27999999999975,419.50999999999976,420.2999999999997,1814
2026-04-22T14:45:00+00:00,420.2999999999997,422.9899999999997,420.28999999999974,422.26999999999975,1748.779973430754
2026-04-22T15:00:00+00:00,422.26999999999975,423.08999999999975,421.50999999999976,423.08999999999975,1489
2026-04-22T15:15:00+00:00,423.08999999999975,425.50999999999976,423.0599999999998,425.21999999999974,1668
2026-04-22T15:30:00+00:00,425.21999999999974,426.7499999999998,424.0499999999998,425.08999999999975,1402
2026-04-22T15:45:00+00:00,425.08999999999975,425.9199999999998,424.70999999999975,425.02999999999975,1120
2026-04-22T16:00:00+00:00,425.02999999999975,427.69999999999976,424.14999999999975,427.4299999999998,1358
2026-04-22T16:15:00+00:00,427.4299999999998,428.57999999999976,426.95999999999975,428.0399999999998,1461
2026-04-22T16:30:00+00:00,428.0399999999998,428.77999999999975,426.6099999999998,427.12999999999977,1342
2026-04-22T16:45:00+00:00,427.12999999999977,427.31999999999977,425.6199999999998,425.83999999999975,924
2026-04-22T17:00:00+00:00,425.83999999999975,427.75999999999976,425.82999999999976,427.51999999999975,1058
2026-04-22T17:15:00+00:00,427.51999999999975,428.7399999999998,427.27999999999975,428.09999999999974,998
2026-04-22T17:30:00+00:00,428.09999999999974,429.20999999999975,428.06999999999977,428.69999999999976,1111
2026-04-22T17:45:00+00:00,428.69999999999976,428.81999999999977,427.9999999999998,428.1099999999998,1067
2026-04-22T18:00:00+00:00,428.1099999999998,429.2299999999998,428.09999999999974,428.9999999999998,984
2026-04-22T18:15:00+00:00,428.9999999999998,429.33999999999975,428.50999999999976,428.6199999999998,1026
2026-04-22T18:30:00+00:00,428.6199999999998,429.7399999999998,428.26999999999975,429.07999999999976,1005
2026-04-22T18:45:00+00:00,429.07999999999976,429.20999999999975,427.7999999999998,427.7999999999998,928
2026-04-22T19:00:00+00:00,427.7999999999998,428.69999999999976,426.9299999999998,428.32999999999976,1369
2026-04-22T19:15:00+00:00,428.32999999999976,429.33999999999975,428.31999999999977,428.52999999999975,967
2026-04-22T19:30:00+00:00,428.52999999999975,430.34999999999974,428.2399999999998,430.2999999999998,1276
2026-04-22T19:45:00+00:00,430.2999999999998,431.9299999999998,430.2999999999998,431.6699999999998,2790
2026-04-23T13:30:00+00:00,431.6699999999998,436.32999999999976,428.37999999999977,435.27999999999975,1536
2026-04-23T13:45:00+00:00,435.27999999999975,437.0599999999998,434.00999999999976,434.96999999999974,1499
2026-04-23T14:00:00+00:00,434.96999999999974,435.52999999999975,433.8599999999998,434.39999999999975,1401
2026-04-23T14:15:00+00:00,434.39999999999975,436.63999999999976,434.21999999999974,434.33999999999975,1332
2026-04-23T14:30:00+00:00,434.33999999999975,436.07999999999976,433.20999999999975,434.3699999999998,1403
2026-04-23T14:45:00+00:00,434.3699999999998,436.3099999999998,434.1799999999998,435.51999999999975,972
2026-04-23T15:00:00+00:00,435.51999999999975,437.8699999999998,435.50999999999976,437.6699999999998,1108
2026-04-23T15:15:00+00:00,437.6699999999998,438.2899999999998,436.62999999999977,437.01999999999975,1314
2026-04-23T15:30:00+00:00,437.01999999999975,438.06999999999977,437.00999999999976,437.8599999999998,1117
2026-04-23T15:45:00+00:00,437.8599999999998,438.1099999999998,435.70999999999975,437.02999999999975,1291
2026-04-23T16:00:00+00:00,437.02999999999975,437.45999999999975,435.09999999999974,436.77999999999975,1297
2026-04-23T16:15:00+00:00,436.77999999999975,437.62999999999977,436.64999999999975,437.07999999999976,1034
2026-04-23T16:30:00+00:00,437.07999999999976,437.07999999999976,435.63999999999976,436.19999999999976,1025
2026-04-23T16:45:00+00:00,436.19999999999976,436.3599999999998,434.7999999999998,435.13999999999976,867
2026-04-23T17:00:00+00:00,435.13999999999976,435.71999999999974,431.4999999999998,432.4899999999998,1691
2026-04-23T17:15:00+00:00,432.4899999999998,432.4899999999998,430.00999999999976,430.39999999999975,1393
2026-04-23T17:30:00+00:00,430.39999999999975,431.8699999999998,427.6799999999998,428.25999999999976,1503
2026-04-23T17:45:00+00:00,428.25999999999976,431.27999999999975,426.6799999999998,431.01999999999975,1347
2026-04-23T18:00:00+00:00,431.01999999999975,432.34999999999974,430.44999999999976,430.9199999999998,1119
2026-04-23T18:15:00+00:00,430.9199999999998,431.13999999999976,429.31999999999977,430.20999999999975,950
2026-04-23T18:30:00+00:00,430.20999999999975,431.59999999999974,430.20999999999975,431.34999999999974,950
2026-04-23T18:45:00+00:00,431.34999999999974,431.4199999999998,428.1099999999998,428.5499999999998,880
2026-04-23T19:00:00+00:00,428.5499999999998,429.83999999999975,428.33999999999975,428.9999999999998,937
2026-04-23T19:15:00+00:00,428.9999999999998,429.4299999999998,428.71999999999974,428.8599999999998,631
2026-04-23T19:30:00+00:00,428.8599999999998,429.26999999999975,427.39999999999975,427.4199999999998,1152
2026-04-23T19:45:00+00:00,427.4199999999998,429.15999999999974,427.01999999999975,429.06999999999977,1942
2026-04-24T13:30:00+00:00,429.06999999999977,433.81999999999977,423.68999999999977,424.18999999999977,968
2026-04-24T13:45:00+00:00,424.18999999999977,424.5399999999998,417.8599999999998,423.08999999999975,1159
2026-04-24T14:00:00+00:00,423.08999999999975,424.9799999999998,422.50999999999976,423.00999999999976,885
2026-04-24T14:15:00+00:00,423.00999999999976,423.70999999999975,421.9999999999998,422.8599999999998,632
2026-04-24T14:30:00+00:00,422.8599999999998,425.18999999999977,421.1099999999998,424.52999999999975,753
2026-04-24T14:45:00+00:00,424.52999999999975,426.1799999999998,423.5499999999998,426.1799999999998,897.9269588313414
2026-04-24T15:00:00+00:00,426.1799999999998,428.19999999999976,426.1799999999998,427.51999999999975,1200
2026-04-24T15:15:00+00:00,427.51999999999975,427.75999999999976,423.41999999999973,423.5599999999998,1073
2026-04-24T15:30:00+00:00,423.5599999999998,424.58999999999975,422.65999999999974,423.9899999999998,794
2026-04-24T15:45:00+00:00,423.9899999999998,430.25999999999976,423.15999999999974,428.4299999999998,579
2026-04-24T16:00:00+00:00,428.4299999999998,429.2499999999998,427.47999999999973,428.52999999999975,436
2026-04-24T16:15:00+00:00,428.52999999999975,429.93999999999977,428.16999999999973,429.44999999999976,507
2026-04-24T16:30:00+00:00,429.44999999999976,430.19999999999976,428.06999999999977,428.40999999999974,539
2026-04-24T16:45:00+00:00,428.40999999999974,429.87999999999977,428.27999999999975,429.75999999999976,521
2026-04-24T17:00:00+00:00,429.75999999999976,430.6099999999998,429.21999999999974,429.41999999999973,486
2026-04-24T17:15:00+00:00,429.41999999999973,429.64999999999975,427.8699999999998,427.94999999999976,481
2026-04-24T17:30:00+00:00,427.94999999999976,429.00999999999976,427.13999999999976,428.87999999999977,406
2026-04-24T17:45:00+00:00,428.87999999999977,431.19999999999976,428.68999999999977,430.56999999999977,695
2026-04-24T18:00:00+00:00,430.56999999999977,430.87999999999977,429.56999999999977,429.76999999999975,586
2026-04-24T18:15:00+00:00,429.76999999999975,430.4999999999998,429.32999999999976,430.1199999999998,558
2026-04-24T18:30:00+00:00,430.1199999999998,430.77999999999975,430.06999999999977,430.45999999999975,707
2026-04-24T18:45:00+00:00,430.45999999999975,431.16999999999973,430.25999999999976,430.7399999999998,696
2026-04-24T19:00:00+00:00,430.7399999999998,432.0599999999998,430.72999999999973,431.56999999999977,838
2026-04-24T19:15:00+00:00,431.56999999999977,432.12999999999977,431.52999999999975,431.62999999999977,959
2026-04-24T19:30:00+00:00,431.62999999999977,431.7399999999998,430.5499999999998,430.7499999999998,1050
2026-04-24T19:45:00+00:00,430.7499999999998,431.93999999999977,430.16999999999973,431.52999999999975,1826
2026-04-27T13:30:00+00:00,431.52999999999975,431.58999999999975,426.96999999999974,430.5499999999998,588
2026-04-27T13:45:00+00:00,430.5499999999998,431.12999999999977,424.76999999999975,429.4899999999998,861
2026-04-27T14:00:00+00:00,429.4899999999998,429.72999999999973,426.39999999999975,428.4899999999998,922
2026-04-27T14:15:00+00:00,428.4899999999998,428.53999999999974,425.58999999999975,425.82999999999976,991
2026-04-27T14:30:00+00:00,425.82999999999976,426.37999999999977,424.07999999999976,425.09999999999974,791
2026-04-27T14:45:00+00:00,425.09999999999974,425.27999999999975,423.58999999999975,424.53999999999974,960
2026-04-27T15:00:00+00:00,424.53999999999974,425.84999999999974,423.7999999999998,424.58999999999975,908
2026-04-27T15:15:00+00:00,424.58999999999975,425.59999999999974,423.69999999999976,425.39999999999975,918
2026-04-27T15:30:00+00:00,425.39999999999975,426.59999999999974,425.12999999999977,426.45999999999975,625
2026-04-27T15:45:00+00:00,426.45999999999975,426.5599999999998,424.93999999999977,425.02999999999975,704
2026-04-27T16:00:00+00:00,425.02999999999975,425.47999999999973,424.06999999999977,424.06999999999977,775
2026-04-27T16:15:00+00:00,424.06999999999977,426.09999999999974,423.91999999999973,425.37999999999977,613
2026-04-27T16:30:00+00:00,425.37999999999977,425.97999999999973,424.8099999999998,424.96999999999974,569
2026-04-27T16:45:00+00:00,424.96999999999974,425.07999999999976,424.20999999999975,424.62999999999977,505
2026-04-27T17:00:00+00:00,424.62999999999977,425.06999999999977,424.06999999999977,424.32999999999976,548
2026-04-27T17:15:00+00:00,424.32999999999976,425.01999999999975,423.7999999999998,425.00999999999976,590
2026-04-27T17:30:00+00:00,425.00999999999976,425.51999999999975,424.7399999999998,425.0499999999998,515
2026-04-27T17:45:00+00:00,425.0499999999998,426.32999999999976,424.93999999999977,425.66999999999973,667
2026-04-27T18:00:00+00:00,425.66999999999973,425.84999999999974,425.06999999999977,425.2499999999998,506
2026-04-27T18:15:00+00:00,425.2499999999998,425.37999999999977,424.71999999999974,424.95999999999975,593
2026-04-27T18:30:00+00:00,424.95999999999975,425.26999999999975,424.56999999999977,424.56999999999977,639
2026-04-27T18:45:00+00:00,424.56999999999977,424.90999999999974,424.06999999999977,424.7499999999998,572
2026-04-27T19:00:00+00:00,424.7499999999998,424.9999999999998,424.37999999999977,424.95999999999975,578
2026-04-27T19:15:00+00:00,424.95999999999975,425.8599999999998,424.8099999999998,425.50999999999976,965
2026-04-27T19:30:00+00:00,425.50999999999976,426.12999999999977,424.9299999999998,425.6199999999998,1009
2026-04-27T19:45:00+00:00,425.6199999999998,427.4999999999998,425.59999999999974,427.37999999999977,1855
2026-04-28T13:30:00+00:00,427.37999999999977,427.37999999999977,406.16999999999973,413.06999999999977,2042
2026-04-28T13:45:00+00:00,413.06999999999977,413.94999999999976,410.09999999999974,412.41999999999973,2388
2026-04-28T14:00:00+00:00,412.41999999999973,414.81999999999977,412.06999999999977,414.01999999999975,2240
2026-04-28T14:15:00+00:00,414.01999999999975,414.2999999999998,411.66999999999973,411.77999999999975,2012
2026-04-28T14:30:00+00:00,411.77999999999975,412.65999999999974,408.96999999999974,410.33999999999975,2447
2026-04-28T14:45:00+00:00,410.33999999999975,410.59999999999974,405.95999999999975,408.71999999999974,2931
2026-04-28T15:00:00+00:00,408.71999999999974,409.51999999999975,405.46999999999974,406.57999999999976,2547
2026-04-28T15:15:00+00:00,406.57999999999976,407.75999999999976,405.34999999999974,405.88999999999976,1933
2026-04-28T15:30:00+00:00,405.88999999999976,406.01999999999975,404.16999999999973,405.39999999999975,2234
2026-04-28T15:45:00+00:00,405.39999999999975,405.45999999999975,403.70999999999975,404.28999999999974,2256
2026-04-28T16:00:00+00:00,404.28999999999974,406.32999999999976,403.94999999999976,405.82999999999976,2072
2026-04-28T16:15:00+00:00,405.82999999999976,406.39999999999975,405.39999999999975,405.6799999999998,1708
2026-04-28T16:30:00+00:00,405.6799999999998,406.0499999999998,404.72999999999973,405.28999999999974,1627
2026-04-28T16:45:00+00:00,405.28999999999974,406.78999999999974,405.06999999999977,406.53999999999974,1954
2026-04-28T17:00:00+00:00,406.53999999999974,406.93999999999977,405.50999999999976,406.0499999999998,1317
2026-04-28T17:15:00+00:00,406.0499999999998,406.57999999999976,405.45999999999975,406.31999999999977,1076
2026-04-28T17:30:00+00:00,406.31999999999977,407.21999999999974,406.21999999999974,406.65999999999974,1254
2026-04-28T17:45:00+00:00,406.65999999999974,407.77999999999975,406.65999999999974,407.37999999999977,1058
2026-04-28T18:00:00+00:00,407.37999999999977,408.31999999999977,407.07999999999976,408.31999999999977,970
2026-04-28T18:15:00+00:00,408.31999999999977,409.77999999999975,407.9999999999998,409.6199999999998,1361
2026-04-28T18:30:00+00:00,409.6199999999998,410.1799999999998,408.96999999999974,409.3099999999998,1157
2026-04-28T18:45:00+00:00,409.3099999999998,409.91999999999973,408.44999999999976,409.26999999999975,1053
2026-04-28T19:00:00+00:00,409.26999999999975,410.90999999999974,409.1799999999998,409.40999999999974,1437
2026-04-28T19:15:00+00:00,409.40999999999974,410.07999999999976,408.56999999999977,409.93999999999977,1465
2026-04-28T19:30:00+00:00,409.93999999999977,410.13999999999976,409.27999999999975,409.84999999999974,1452
2026-04-28T19:45:00+00:00,409.84999999999974,410.3699999999998,408.1799999999998,409.1199999999998,2881
2026-04-29T13:30:00+00:00,409.1199999999998,412.18999999999977,407.06999999999977,411.06999999999977,367
2026-04-29T13:45:00+00:00,411.06999999999977,411.25999999999976,408.9299999999998,409.83999999999975,616
2026-04-29T14:00:00+00:00,409.83999999999975,409.83999999999975,407.31999999999977,408.02999999999975,667
2026-04-29T14:15:00+00:00,408.02999999999975,410.8599999999998,407.46999999999974,410.19999999999976,787
2026-04-29T14:30:00+00:00,410.19999999999976,411.26999999999975,409.76999999999975,410.75999999999976,499
2026-04-29T14:45:00+00:00,410.75999999999976,411.2499999999998,409.26999999999975,409.76999999999975,670.4447513812155
2026-04-29T15:00:00+00:00,409.76999999999975,410.12999999999977,408.06999999999977,409.01999999999975,641
2026-04-29T15:15:00+00:00,409.01999999999975,409.7399999999997,408.57999999999976,409.56999999999977,612
2026-04-29T15:30:00+00:00,409.56999999999977,410.5599999999997,409.18999999999977,409.56999999999977,522
2026-04-29T15:45:00+00:00,409.56999999999977,409.9899999999997,407.59999999999974,408.20999999999975,719
2026-04-29T16:00:00+00:00,408.20999999999975,408.66999999999973,407.66999999999973,407.85999999999973,519
2026-04-29T16:15:00+00:00,407.85999999999973,407.93999999999977,406.5599999999997,406.62999999999977,732
2026-04-29T16:30:00+00:00,406.62999999999977,406.90999999999974,405.66999999999973,406.26999999999975,715
2026-04-29T16:45:00+00:00,406.26999999999975,406.66999999999973,405.77999999999975,406.60999999999973,628
2026-04-29T17:00:00+00:00,406.60999999999973,407.40999999999974,406.0599999999997,406.9999999999998,623
2026-04-29T17:15:00+00:00,406.9999999999998,407.4999999999998,406.58999999999975,407.2999999999997,463
2026-04-29T17:30:00+00:00,407.2999999999997,408.6799999999997,407.28999999999974,408.47999999999973,557
2026-04-29T17:45:00+00:00,408.47999999999973,409.2399999999997,408.01999999999975,409.09999999999974,553
2026-04-29T18:00:00+00:00,409.09999999999974,409.27999999999975,406.1799999999997,407.01999999999975,651
2026-04-29T18:15:00+00:00,407.01999999999975,407.97999999999973,406.9999999999998,407.21999999999974,496
2026-04-29T18:30:00+00:00,407.21999999999974,408.10999999999973,406.4999999999998,406.66999999999973,569
2026-04-29T18:45:00+00:00,406.66999999999973,409.14999999999975,406.40999999999974,408.9899999999997,584
2026-04-29T19:00:00+00:00,408.9899999999997,410.96999999999974,408.4899999999997,410.83999999999975,764
2026-04-29T19:15:00+00:00,410.83999999999975,413.47999999999973,410.81999999999977,412.77999999999975,973
2026-04-29T19:30:00+00:00,412.77999999999975,413.96999999999974,412.56999999999977,412.9899999999997,848
2026-04-29T19:45:00+00:00,412.9899999999997,414.7399999999997,412.45999999999975,414.35999999999973,1586
2026-04-30T13:30:00+00:00,414.35999999999973,426.87999999999977,414.35999999999973,425.14999999999975,631
2026-04-30T13:45:00+00:00,425.14999999999975,427.13999999999976,418.70999999999975,420.16999999999973,864
2026-04-30T14:00:00+00:00,420.16999999999973,423.06999999999977,419.16999999999973,421.39999999999975,923
2026-04-30T14:15:00+00:00,421.39999999999975,421.39999999999975,416.4299999999997,416.4299999999997,1073
2026-04-30T14:30:00+00:00,416.4299999999997,416.9999999999998,413.08999999999975,414.5599999999997,1087
2026-04-30T14:45:00+00:00,414.5599999999997,419.45999999999975,414.50999999999976,418.76999999999975,1166
2026-04-30T15:00:00+00:00,418.76999999999975,422.3099999999997,418.76999999999975,421.77999999999975,1254
2026-04-30T15:15:00+00:00,421.77999999999975,422.18999999999977,420.25999999999976,420.65999999999974,959
2026-04-30T15:30:00+00:00,420.65999999999974,421.71999999999974,420.40999999999974,421.26999999999975,865
2026-04-30T15:45:00+00:00,421.26999999999975,422.81999999999977,420.53999999999974,421.7499999999998,749
2026-04-30T16:00:00+00:00,421.7499999999998,423.28999999999974,420.9999999999998,423.0599999999997,802
2026-04-30T16:15:00+00:00,423.0599999999997,423.35999999999973,422.20999999999975,422.66999999999973,695
2026-04-30T16:30:00+00:00,422.66999999999973,423.07999999999976,421.65999999999974,422.1799999999997,678
2026-04-30T16:45:00+00:00,422.1799999999997,422.5499999999997,420.96999999999974,422.31999999999977,745
2026-04-30T17:00:00+00:00,422.31999999999977,423.39999999999975,422.31999999999977,422.8699999999997,735
2026-04-30T17:15:00+00:00,422.8699999999997,423.47999999999973,422.08999999999975,423.43999999999977,750
2026-04-30T17:30:00+00:00,423.43999999999977,424.57999999999976,423.3699999999997,424.28999999999974,987
2026-04-30T17:45:00+00:00,424.28999999999974,425.89999999999975,424.28999999999974,425.7499999999998,846
2026-04-30T18:00:00+00:00,425.7499999999998,426.34999999999974,424.95999999999975,425.10999999999973,883
2026-04-30T18:15:00+00:00,425.10999999999973,425.43999999999977,424.45999999999975,424.6199999999997,686
2026-04-30T18:30:00+00:00,424.6199999999997,425.03999999999974,424.09999999999974,424.33999999999975,665
2026-04-30T18:45:00+00:00,424.33999999999975,424.75999999999976,423.95999999999975,424.20999999999975,739
2026-04-30T19:00:00+00:00,424.20999999999975,426.28999999999974,423.72999999999973,426.16999999999973,888
2026-04-30T19:15:00+00:00,426.16999999999973,426.45999999999975,424.2999999999997,424.35999999999973,826
2026-04-30T19:30:00+00:00,424.35999999999973,425.31999999999977,423.85999999999973,424.95999999999975,1123
2026-04-30T19:45:00+00:00,424.95999999999975,426.93999999999977,424.10999999999973,426.4899999999997,1884
2026-05-01T13:30:00+00:00,426.4899999999997,430.94999999999976,422.31999999999977,429.81999999999977,869
2026-05-01T13:45:00+00:00,429.81999999999977,430.47999999999973,428.76999999999975,429.9299999999997,1181
2026-05-01T14:00:00+00:00,429.9299999999997,429.9999999999998,428.65999999999974,429.31999999999977,1551
2026-05-01T14:15:00+00:00,429.31999999999977,430.0599999999997,427.78999999999974,429.50999999999976,1289
2026-05-01T14:30:00+00:00,429.50999999999976,429.50999999999976,425.15999999999974,427.88999999999976,1477
2026-05-01T14:45:00+00:00,427.88999999999976,429.25999999999976,426.9999999999998,428.63999999999976,1020.7875580315692
2026-05-01T15:00:00+00:00,428.63999999999976,428.90999999999974,427.88999999999976,428.5599999999998,1212
2026-05-01T15:15:00+00:00,428.5599999999998,430.72999999999973,428.32999999999976,430.59999999999974,1252
2026-05-01T15:30:00+00:00,430.59999999999974,430.91999999999973,429.25999999999976,430.06999999999977,955
2026-05-01T15:45:00+00:00,430.06999999999977,430.85999999999973,428.7399999999998,430.7399999999998,1068
2026-05-01T16:00:00+00:00,430.7399999999998,430.88999999999976,429.2499999999998,429.44999999999976,856
2026-05-01T16:15:00+00:00,429.44999999999976,430.15999999999974,428.72999999999973,428.85999999999973,1046
2026-05-01T16:30:00+00:00,428.85999999999973,429.3699999999998,428.72999999999973,428.77999999999975,889
2026-05-01T16:45:00+00:00,428.77999999999975,429.3099999999998,428.58999999999975,428.94999999999976,974
2026-05-01T17:00:00+00:00,428.94999999999976,429.58999999999975,428.72999999999973,429.50999999999976,794
2026-05-01T17:15:00+00:00,429.50999999999976,430.26999999999975,429.35999999999973,430.20999999999975,844
2026-05-01T17:30:00+00:00,430.20999999999975,431.37999999999977,430.20999999999975,431.37999999999977,729
2026-05-01T17:45:00+00:00,431.37999999999977,432.09999999999974,430.72999999999973,430.7399999999998,820
2026-05-01T18:00:00+00:00,430.7399999999998,431.65999999999974,430.72999999999973,430.8699999999998,882
2026-05-01T18:15:00+00:00,430.8699999999998,431.69999999999976,430.7499999999998,431.28999999999974,814
2026-05-01T18:30:00+00:00,431.28999999999974,431.37999999999977,430.16999999999973,430.2999999999997,914
2026-05-01T18:45:00+00:00,430.2999999999997,431.44999999999976,429.81999999999977,431.3699999999998,897
2026-05-01T19:00:00+00:00,431.3699999999998,431.93999999999977,431.06999999999977,431.44999999999976,829
2026-05-01T19:15:00+00:00,431.44999999999976,431.7499999999998,430.69999999999976,431.65999999999974,1044
2026-05-01T19:30:00+00:00,431.65999999999974,431.75999999999976,430.46999999999974,431.02999999999975,1000
2026-05-01T19:45:00+00:00,431.02999999999975,431.03999999999974,428.58999999999975,430.40999999999974,1367
2026-05-04T13:30:00+00:00,430.40999999999974,432.7499999999998,425.85999999999973,430.56999999999977,1010
2026-05-04T13:45:00+00:00,430.56999999999977,431.62999999999977,428.22999999999973,429.89999999999975,1152
2026-05-04T14:00:00+00:00,429.89999999999975,430.10999999999973,428.46999999999974,429.15999999999974,1206
2026-05-04T14:15:00+00:00,429.15999999999974,429.38999999999976,424.8099999999998,424.87999999999977,1368
2026-05-04T14:30:00+00:00,424.87999999999977,426.64999999999975,424.2399999999998,426.62999999999977,1573
2026-05-04T14:45:00+00:00,426.62999999999977,426.94999999999976,425.4999999999998,425.50999999999976,1289
2026-05-04T15:00:00+00:00,425.50999999999976,426.65999999999974,425.01999999999975,425.50999999999976,1540
2026-05-04T15:15:00+00:00,425.50999999999976,425.50999999999976,421.7999999999997,423.19999999999976,2017
2026-05-04T15:30:00+00:00,423.19999999999976,423.45999999999975,419.7999999999997,421.95999999999975,1552
2026-05-04T15:45:00+00:00,421.95999999999975,422.5599999999998,420.97999999999973,421.4899999999998,1372
2026-05-04T16:00:00+00:00,421.4899999999998,421.53999999999974,419.10999999999973,419.10999999999973,1198
2026-05-04T16:15:00+00:00,419.10999999999973,421.46999999999974,418.46999999999974,420.82999999999976,1284
2026-05-04T16:30:00+00:00,420.82999999999976,421.19999999999976,419.19999999999976,420.15999999999974,1170
2026-05-04T16:45:00+00:00,420.15999999999974,420.81999999999977,419.94999999999976,420.2399999999998,1167
2026-05-04T17:00:00+00:00,420.2399999999998,422.69999999999976,420.07999999999976,422.15999999999974,1185
2026-05-04T17:15:00+00:00,422.15999999999974,422.97999999999973,421.75999999999976,422.1799999999998,1121
2026-05-04T17:30:00+00:00,422.1799999999998,422.26999999999975,420.9999999999998,421.68999999999977,953
2026-05-04T17:45:00+00:00,421.68999999999977,421.87999999999977,421.14999999999975,421.35999999999973,1036
2026-05-04T18:00:00+00:00,421.35999999999973,422.10999999999973,421.21999999999974,421.7999999999997,1024
2026-05-04T18:15:00+00:00,421.7999999999997,422.4999999999998,421.32999999999976,422.41999999999973,867
2026-05-04T18:30:00+00:00,422.41999999999973,422.63999999999976,421.70999999999975,421.7999999999997,748
2026-05-04T18:45:00+00:00,421.7999999999997,423.9299999999998,421.5599999999998,423.87999999999977,822
2026-05-04T19:00:00+00:00,423.87999999999977,424.9299999999998,423.6199999999998,424.01999999999975,964
2026-05-04T19:15:00+00:00,424.01999999999975,425.03999999999974,423.94999999999976,425.03999999999974,896
2026-05-04T19:30:00+00:00,425.03999999999974,426.0499999999997,424.94999999999976,425.2399999999998,851
2026-05-04T19:45:00+00:00,425.2399999999998,425.66999999999973,423.25999999999976,425.38999999999976,1808
2026-05-05T13:30:00+00:00,425.38999999999976,433.26999999999975,425.38999999999976,432.52999999999975,1351
2026-05-05T13:45:00+00:00,432.52999999999975,435.41999999999973,431.93999999999977,431.95999999999975,1708
2026-05-05T14:00:00+00:00,431.95999999999975,432.27999999999975,428.89999999999975,429.20999999999975,1490
2026-05-05T14:15:00+00:00,429.20999999999975,431.28999999999974,428.26999999999975,430.85999999999973,1528
2026-05-05T14:30:00+00:00,430.85999999999973,431.40999999999974,430.2499999999998,430.3099999999998,1337
2026-05-05T14:45:00+00:00,430.3099999999998,433.33999999999975,430.1799999999998,432.90999999999974,1332
2026-05-05T15:00:00+00:00,432.90999999999974,435.68999999999977,432.58999999999975,435.64999999999975,1586
2026-05-05T15:15:00+00:00,435.64999999999975,437.8099999999998,435.31999999999977,436.51999999999975,1756
2026-05-05T15:30:00+00:00,436.51999999999975,437.82999999999976,435.5599999999998,436.15999999999974,1324
2026-05-05T15:45:00+00:00,436.15999999999974,436.88999999999976,434.69999999999976,435.56999999999977,1036
2026-05-05T16:00:00+00:00,435.56999999999977,437.4999999999998,435.4299999999998,436.87999999999977,950
2026-05-05T16:15:00+00:00,436.87999999999977,440.25999999999976,436.6199999999998,438.71999999999974,1454
2026-05-05T16:30:00+00:00,438.71999999999974,440.10999999999973,438.2499999999998,438.56999999999977,1175
2026-05-05T16:45:00+00:00,438.56999999999977,439.72999999999973,437.94999999999976,438.7399999999998,877
2026-05-05T17:00:00+00:00,438.7399999999998,440.57999999999976,438.60999999999973,439.89999999999975,983
2026-05-05T17:15:00+00:00,439.89999999999975,440.69999999999976,439.8099999999998,440.46999999999974,863
2026-05-05T17:30:00+00:00,440.46999999999974,441.06999999999977,440.07999999999976,440.66999999999973,928
2026-05-05T17:45:00+00:00,440.66999999999973,441.39999999999975,440.0599999999998,440.90999999999974,822
2026-05-05T18:00:00+00:00,440.90999999999974,442.22999999999973,440.51999999999975,440.93999999999977,1025
2026-05-05T18:15:00+00:00,440.93999999999977,441.0599999999998,439.57999999999976,439.70999999999975,765
2026-05-05T18:30:00+00:00,439.70999999999975,441.1799999999998,439.5499999999997,440.59999999999974,931
2026-05-05T18:45:00+00:00,440.59999999999974,440.6799999999998,439.57999999999976,439.63999999999976,741
2026-05-05T19:00:00+00:00,439.63999999999976,440.3099999999998,439.3099999999998,439.83999999999975,851
2026-05-05T19:15:00+00:00,439.83999999999975,439.83999999999975,439.01999999999975,439.14999999999975,923
2026-05-05T19:30:00+00:00,439.14999999999975,439.26999999999975,437.64999999999975,437.76999999999975,953
2026-05-05T19:45:00+00:00,437.76999999999975,437.84999999999974,435.63999999999976,436.63999999999976,1832
2026-05-06T13:30:00+00:00,436.63999999999976,446.45999999999975,436.63999999999976,439.58999999999975,1107
2026-05-06T13:45:00+00:00,439.58999999999975,439.9899999999998,435.82999999999976,436.31999999999977,1518
2026-05-06T14:00:00+00:00,436.31999999999977,437.01999999999975,430.82999999999976,431.46999999999974,1401
2026-05-06T14:15:00+00:00,431.46999999999974,432.19999999999976,426.75999999999976,429.14999999999975,1730
2026-05-06T14:30:00+00:00,429.14999999999975,431.59999999999974,429.00999999999976,431.41999999999973,2022
2026-05-06T14:45:00+00:00,431.41999999999973,432.83999999999975,431.26999999999975,431.89999999999975,1925.5480830670926
2026-05-06T15:00:00+00:00,431.89999999999975,432.9299999999998,431.14999999999975,432.3099999999998,1518
2026-05-06T15:15:00+00:00,432.3099999999998,434.09999999999974,432.13999999999976,432.5499999999998,1551
2026-05-06T15:30:00+00:00,432.5499999999998,432.7399999999998,429.82999999999976,431.13999999999976,1498
2026-05-06T15:45:00+00:00,431.13999999999976,432.08999999999975,430.64999999999975,430.8699999999998,1372
2026-05-06T16:00:00+00:00,430.8699999999998,433.44999999999976,430.64999999999975,433.1799999999998,1064
2026-05-06T16:15:00+00:00,433.1799999999998,433.37999999999977,431.44999999999976,431.46999999999974,674
2026-05-06T16:30:00+00:00,431.46999999999974,432.7299999999998,430.69999999999976,430.8599999999998,683
2026-05-06T16:45:00+00:00,430.8599999999998,430.93999999999977,430.0499999999998,430.34999999999974,764
2026-05-06T17:00:00+00:00,430.34999999999974,430.63999999999976,429.5599999999998,430.39999999999975,710
2026-05-06T17:15:00+00:00,430.39999999999975,430.88999999999976,429.93999999999977,430.28999999999974,679
2026-05-06T17:30:00+00:00,430.28999999999974,430.81999999999977,429.93999999999977,430.1799999999998,716
2026-05-06T17:45:00+00:00,430.1799999999998,430.3599999999998,428.81999999999977,429.33999999999975,917
2026-05-06T18:00:00+00:00,429.33999999999975,430.93999999999977,429.0499999999998,430.50999999999976,841
2026-05-06T18:15:00+00:00,430.50999999999976,431.45999999999975,430.43999999999977,431.18999999999977,842
2026-05-06T18:30:00+00:00,431.18999999999977,432.03999999999974,430.44999999999976,431.81999999999977,862
2026-05-06T18:45:00+00:00,431.81999999999977,431.96999999999974,430.93999999999977,430.94999999999976,774
2026-05-06T19:00:00+00:00,430.94999999999976,431.28999999999974,429.93999999999977,431.18999999999977,926
2026-05-06T19:15:00+00:00,431.18999999999977,431.8699999999998,430.50999999999976,431.57999999999976,1203
2026-05-06T19:30:00+00:00,431.57999999999976,432.01999999999975,430.6799999999998,431.65999999999974,1332
2026-05-06T19:45:00+00:00,431.65999999999974,434.4999999999998,431.4899999999998,434.37999999999977,2607
2026-05-07T13:30:00+00:00,434.37999999999977,434.37999999999977,423.94999999999976,424.03999999999974,1192
2026-05-07T13:45:00+00:00,424.03999999999974,427.21999999999974,423.5599999999998,425.9899999999998,1417
2026-05-07T14:00:00+00:00,425.9899999999998,429.03999999999974,425.76999999999975,427.93999999999977,1027
2026-05-07T14:15:00+00:00,427.93999999999977,433.03999999999974,427.82999999999976,432.76999999999975,1249
2026-05-07T14:30:00+00:00,432.76999999999975,435.33999999999975,431.93999999999977,432.8599999999998,1196
2026-05-07T14:45:00+00:00,432.8599999999998,433.15999999999974,430.7499999999998,431.8699999999998,1046
2026-05-07T15:00:00+00:00,431.8699999999998,432.08999999999975,430.0499999999998,430.25999999999976,987
2026-05-07T15:15:00+00:00,430.25999999999976,431.13999999999976,429.78999999999974,430.18999999999977,939
2026-05-07T15:30:00+00:00,430.18999999999977,431.43999999999977,429.78999999999974,430.1099999999998,834
2026-05-07T15:45:00+00:00,430.1099999999998,430.44999999999976,428.0499999999998,428.4199999999998,888
2026-05-07T16:00:00+00:00,428.4199999999998,428.4299999999998,426.13999999999976,426.62999999999977,1040
2026-05-07T16:15:00+00:00,426.62999999999977,427.9899999999998,425.63999999999976,426.88999999999976,1104
2026-05-07T16:30:00+00:00,426.88999999999976,428.00999999999976,425.94999999999976,426.2399999999998,914
2026-05-07T16:45:00+00:00,426.2399999999998,426.8699999999998,425.84999999999974,426.6699999999998,868
2026-05-07T17:00:00+00:00,426.6699999999998,426.83999999999975,424.70999999999975,425.18999999999977,931
2026-05-07T17:15:00+00:00,425.18999999999977,425.18999999999977,422.64999999999975,423.64999999999975,1420
2026-05-07T17:30:00+00:00,423.64999999999975,424.39999999999975,423.19999999999976,423.28999999999974,1008
2026-05-07T17:45:00+00:00,423.28999999999974,424.07999999999976,422.40999999999974,423.78999999999974,1059
2026-05-07T18:00:00+00:00,423.78999999999974,424.45999999999975,415.44999999999976,415.9999999999998,970
2026-05-07T18:15:00+00:00,415.9999999999998,419.3599999999998,415.2399999999998,416.81999999999977,489
2026-05-07T18:30:00+00:00,416.81999999999977,421.13999999999976,416.81999999999977,419.51999999999975,540
2026-05-07T18:45:00+00:00,419.51999999999975,421.69999999999976,418.93999999999977,421.6799999999998,650
2026-05-07T19:00:00+00:00,421.6799999999998,422.52999999999975,420.4999999999998,422.12999999999977,621
2026-05-07T19:15:00+00:00,422.12999999999977,422.94999999999976,420.8599999999998,421.50999999999976,930
2026-05-07T19:30:00+00:00,421.50999999999976,423.38999999999976,421.1699999999998,422.89999999999975,879
2026-05-07T19:45:00+00:00,422.89999999999975,424.7999999999998,421.07999999999976,421.70999999999975,1902
2026-05-08T13:30:00+00:00,421.70999999999975,432.51999999999975,421.70999999999975,429.40999999999974,779
2026-05-08T13:45:00+00:00,429.40999999999974,431.06999999999977,428.39999999999975,430.82999999999976,816
2026-05-08T14:00:00+00:00,430.82999999999976,432.4999999999998,430.0599999999998,431.44999999999976,1126
2026-05-08T14:15:00+00:00,431.44999999999976,432.7999999999998,430.1199999999998,430.1199999999998,937
2026-05-08T14:30:00+00:00,430.1199999999998,432.14999999999975,429.53999999999974,431.5499999999998,890
2026-05-08T14:45:00+00:00,431.5499999999998,433.06999999999977,431.34999999999974,432.5499999999997,998.5647658954272
2026-05-08T15:00:00+00:00,432.5499999999997,433.3999999999997,431.8899999999997,432.4099999999997,1080
2026-05-08T15:15:00+00:00,432.4099999999997,432.7199999999997,430.7999999999997,432.6199999999997,765
2026-05-08T15:30:00+00:00,432.6199999999997,433.5899999999997,431.3099999999997,432.6299999999997,928
2026-05-08T15:45:00+00:00,432.6299999999997,434.4499999999997,432.6199999999997,433.9499999999997,891
2026-05-08T16:00:00+00:00,433.9499999999997,436.5999999999997,433.9499999999997,436.5599999999997,967
2026-05-08T16:15:00+00:00,436.5599999999997,439.1499999999997,436.2199999999997,438.7599999999997,993
2026-05-08T16:30:00+00:00,438.7599999999997,440.0999999999997,437.1899999999997,438.5899999999997,993
2026-05-08T16:45:00+00:00,438.5899999999997,439.3199999999997,438.3999999999997,438.85999999999973,933
2026-05-08T17:00:00+00:00,438.85999999999973,439.5399999999997,438.2499999999997,438.9499999999997,785
2026-05-08T17:15:00+00:00,438.9499999999997,443.8799999999997,438.2799999999997,439.2499999999997,1321
2026-05-08T17:30:00+00:00,439.2499999999997,439.2499999999997,436.0999999999997,436.6799999999997,857
2026-05-08T17:45:00+00:00,436.6799999999997,437.5999999999997,435.6399999999997,435.97999999999973,691
2026-05-08T18:00:00+00:00,435.97999999999973,437.5699999999997,435.9499999999997,436.9899999999997,677
2026-05-08T18:15:00+00:00,436.9899999999997,437.85999999999973,436.2999999999997,437.4099999999997,703
2026-05-08T18:30:00+00:00,437.4099999999997,437.5999999999997,435.9899999999997,437.2199999999997,719
2026-05-08T18:45:00+00:00,437.2199999999997,437.7099999999997,436.66999999999973,436.9499999999997,773
2026-05-08T19:00:00+00:00,436.9499999999997,438.6799999999997,436.8399999999997,438.0499999999997,740
2026-05-08T19:15:00+00:00,438.0499999999997,438.2199999999997,436.4599999999997,436.5499999999997,806
2026-05-08T19:30:00+00:00,436.5499999999997,437.41999999999973,436.4599999999997,436.9999999999997,896
2026-05-08T19:45:00+00:00,436.9999999999997,439.2599999999997,436.1399999999997,438.9399999999997,1559
2026-05-11T13:30:00+00:00,438.9399999999997,441.9399999999997,434.8799999999997,441.1299999999997,584
2026-05-11T13:45:00+00:00,441.1299999999997,442.4599999999997,438.9399999999997,439.2399999999997,647
2026-05-11T14:00:00+00:00,439.2399999999997,440.2199999999997,437.5499999999997,437.9999999999997,865
2026-05-11T14:15:00+00:00,437.9999999999997,438.16999999999973,435.2499999999997,435.3799999999997,721
2026-05-11T14:30:00+00:00,435.3799999999997,436.0499999999997,433.9899999999997,435.9299999999997,872
2026-05-11T14:45:00+00:00,435.9299999999997,439.7599999999997,435.9099999999997,439.10999999999973,810
2026-05-11T15:00:00+00:00,439.10999999999973,440.2399999999997,438.3999999999997,438.6599999999997,714
2026-05-11T15:15:00+00:00,438.6599999999997,439.4899999999997,438.2799999999997,439.1799999999997,594
2026-05-11T15:30:00+00:00,439.1799999999997,440.16999999999973,438.4399999999997,439.1999999999997,584
2026-05-11T15:45:00+00:00,439.1999999999997,439.9599999999997,438.7899999999997,438.7999999999997,511
2026-05-11T16:00:00+00:00,438.7999999999997,439.22999999999973,438.4499999999997,438.8099999999997,487
2026-05-11T16:15:00+00:00,438.8099999999997,438.8799999999997,437.7399999999997,438.1999999999997,538
2026-05-11T16:30:00+00:00,438.1999999999997,438.2199999999997,435.6999999999997,437.0099999999997,568
2026-05-11T16:45:00+00:00,437.0099999999997,438.16999999999973,436.8099999999997,438.0599999999997,481
2026-05-11T17:00:00+00:00,438.0599999999997,439.16999999999973,437.7699999999997,438.0799999999997,501
2026-05-11T17:15:00+00:00,438.0799999999997,438.8899999999997,437.7199999999997,438.6399999999997,447
2026-05-11T17:30:00+00:00,438.6399999999997,439.1199999999997,438.4399999999997,438.8099999999997,385
2026-05-11T17:45:00+00:00,438.8099999999997,439.1899999999997,437.8099999999997,438.0099999999997,536
2026-05-11T18:00:00+00:00,438.0099999999997,438.9999999999997,437.7899999999997,438.72999999999973,526
2026-05-11T18:15:00+00:00,438.72999999999973,438.9099999999997,438.1899999999997,438.7199999999997,537
2026-05-11T18:30:00+00:00,438.7199999999997,438.7199999999997,436.9399999999997,437.97999999999973,467
2026-05-11T18:45:00+00:00,437.97999999999973,438.5199999999997,437.3299999999997,437.5799999999997,575
2026-05-11T19:00:00+00:00,437.5799999999997,438.0799999999997,436.9499999999997,437.2899999999997,598
2026-05-11T19:15:00+00:00,437.2899999999997,437.3499999999997,435.4099999999997,436.3999999999997,778
2026-05-11T19:30:00+00:00,436.3999999999997,437.5799999999997,436.2199999999997,436.6899999999997,870
2026-05-11T19:45:00+00:00,436.6899999999997,438.0299999999997,436.2099999999997,437.3899999999997,1775
2026-05-12T13:30:00+00:00,437.3899999999997,437.3899999999997,427.6799999999997,435.9299999999997,732
2026-05-12T13:45:00+00:00,435.9299999999997,438.16999999999973,433.4499999999997,433.6899999999997,733
2026-05-12T14:00:00+00:00,433.6899999999997,435.8999999999997,432.7199999999997,434.9099999999997,775
2026-05-12T14:15:00+00:00,434.9099999999997,435.9399999999997,432.0399999999997,432.0899999999997,658
2026-05-12T14:30:00+00:00,432.0899999999997,432.3799999999997,428.9899999999997,430.72999999999973,775
2026-05-12T14:45:00+00:00,430.72999999999973,431.1599999999997,427.9399999999997,427.9599999999997,570
2026-05-12T15:00:00+00:00,427.9599999999997,428.5299999999997,426.1899999999997,426.3699999999997,825
2026-05-12T15:15:00+00:00,426.3699999999997,426.3699999999997,421.3699999999997,421.91999999999973,1161
2026-05-12T15:30:00+00:00,421.91999999999973,425.3699999999997,421.7999999999997,424.2499999999997,592
2026-05-12T15:45:00+00:00,424.2499999999997,424.4399999999997,421.1799999999997,421.3199999999997,691
2026-05-12T16:00:00+00:00,421.3199999999997,422.4999999999997,421.0099999999997,422.2099999999997,684
2026-05-12T16:15:00+00:00,422.2099999999997,422.2099999999997,419.6499999999997,419.66999999999973,790
2026-05-12T16:30:00+00:00,419.66999999999973,419.9399999999997,417.47999999999973,418.2699999999997,879
2026-05-12T16:45:00+00:00,418.2699999999997,418.8699999999997,417.6199999999997,417.72999999999973,817
2026-05-12T17:00:00+00:00,417.72999999999973,420.3199999999997,417.3399999999997,419.3899999999997,881
2026-05-12T17:15:00+00:00,419.3899999999997,421.7999999999997,419.3099999999997,420.2599999999997,755
2026-05-12T17:30:00+00:00,420.2599999999997,422.0799999999997,420.1299999999997,420.85999999999973,646
2026-05-12T17:45:00+00:00,420.85999999999973,421.5099999999997,420.2199999999997,421.4099999999997,681
2026-05-12T18:00:00+00:00,421.4099999999997,423.0499999999997,420.7099999999997,422.91999999999973,796
2026-05-12T18:15:00+00:00,422.91999999999973,424.4999999999997,422.6399999999997,424.0799999999997,714
2026-05-12T18:30:00+00:00,424.0799999999997,424.4999999999997,422.9399999999997,422.9399999999997,576
2026-05-12T18:45:00+00:00,422.9399999999997,423.9599999999997,422.5199999999997,422.9599999999997,683
2026-05-12T19:00:00+00:00,422.9599999999997,425.4299999999997,422.8999999999997,424.9399999999997,573
2026-05-12T19:15:00+00:00,424.9399999999997,425.7199999999997,423.7399999999997,425.35999999999973,664
2026-05-12T19:30:00+00:00,425.35999999999973,427.6499999999997,425.35999999999973,427.4299999999997,803
2026-05-12T19:45:00+00:00,427.4299999999997,428.97999999999973,427.0899999999997,428.3699999999997,1684
2026-05-13T13:30:00+00:00,428.3699999999997,428.3699999999997,417.4699999999997,418.3799999999997,575
2026-05-13T13:45:00+00:00,418.3799999999997,418.8499999999997,413.72999999999973,417.1199999999997,995
2026-05-13T14:00:00+00:00,417.1199999999997,418.6599999999997,416.5499999999997,417.5699999999997,587
2026-05-13T14:15:00+00:00,417.5699999999997,421.0999999999997,417.2199999999997,420.4499999999997,627
2026-05-13T14:30:00+00:00,420.4499999999997,421.5699999999997,419.2699999999997,421.4099999999997,733
2026-05-13T14:45:00+00:00,421.4099999999997,423.5399999999997,421.1199999999997,422.71999999999974,768.1082327892123
2026-05-13T15:00:00+00:00,422.71999999999974,423.3699999999998,421.9299999999998,422.31999999999977,753
2026-05-13T15:15:00+00:00,422.31999999999977,423.75999999999976,422.02999999999975,422.16999999999973,686
2026-05-13T15:30:00+00:00,422.16999999999973,423.16999999999973,421.12999999999977,423.15999999999974,717
2026-05-13T15:45:00+00:00,423.15999999999974,423.72999999999973,422.12999999999977,423.50999999999976,678
2026-05-13T16:00:00+00:00,423.50999999999976,425.13999999999976,423.50999999999976,424.75999999999976,736
2026-05-13T16:15:00+00:00,424.75999999999976,425.38999999999976,423.2499999999998,424.65999999999974,661
2026-05-13T16:30:00+00:00,424.65999999999974,424.66999999999973,423.44999999999976,424.10999999999973,543
2026-05-13T16:45:00+00:00,424.10999999999973,424.7999999999997,423.70999999999975,424.56999999999977,514
2026-05-13T17:00:00+00:00,424.56999999999977,426.33999999999975,424.5599999999998,425.9899999999998,606
2026-05-13T17:15:00+00:00,425.9899999999998,426.46999999999974,425.50999999999976,426.44999999999976,480
2026-05-13T17:30:00+00:00,426.44999999999976,426.77999999999975,425.94999999999976,426.27999999999975,506
2026-05-13T17:45:00+00:00,426.27999999999975,426.5499999999997,425.46999999999974,425.47999999999973,502
2026-05-13T18:00:00+00:00,425.47999999999973,426.41999999999973,425.44999999999976,426.0499999999997,464
2026-05-13T18:15:00+00:00,426.0499999999997,426.66999999999973,425.7499999999998,426.32999999999976,511
2026-05-13T18:30:00+00:00,426.32999999999976,427.15999999999974,425.44999999999976,426.9899999999998,567
2026-05-13T18:45:00+00:00,426.9899999999998,427.14999999999975,424.81999999999977,424.84999999999974,598
2026-05-13T19:00:00+00:00,424.84999999999974,426.46999999999974,424.44999999999976,426.37999999999977,587
2026-05-13T19:15:00+00:00,426.37999999999977,427.5599999999998,426.3099999999998,426.94999999999976,698
2026-05-13T19:30:00+00:00,426.94999999999976,427.03999999999974,425.97999999999973,426.59999999999974,640
2026-05-13T19:45:00+00:00,426.59999999999974,427.3699999999998,424.47999999999973,425.84999999999974,1768
2026-05-14T13:30:00+00:00,425.84999999999974,443.47999999999973,424.94999999999976,439.34999999999974,757
2026-05-14T13:45:00+00:00,439.34999999999974,441.0599999999998,435.5599999999998,436.15999999999974,550
2026-05-14T14:00:00+00:00,436.15999999999974,440.3699999999998,436.02999999999975,439.45999999999975,419
2026-05-14T14:15:00+00:00,439.45999999999975,444.94999999999976,439.33999999999975,443.8699999999998,804
2026-05-14T14:30:00+00:00,443.8699999999998,446.27999999999975,442.35999999999973,444.90999999999974,684
2026-05-14T14:45:00+00:00,444.90999999999974,445.8099999999998,442.45999999999975,443.57999999999976,696
2026-05-14T15:00:00+00:00,443.57999999999976,445.7399999999998,442.45999999999975,445.03999999999974,655
2026-05-14T15:15:00+00:00,445.03999999999974,448.1199999999998,444.91999999999973,447.66999999999973,958
2026-05-14T15:30:00+00:00,447.66999999999973,448.68999999999977,445.94999999999976,445.95999999999975,610
2026-05-14T15:45:00+00:00,445.95999999999975,446.10999999999973,444.12999999999977,444.8699999999998,482
2026-05-14T16:00:00+00:00,444.8699999999998,445.34999999999974,443.09999999999974,443.1799999999998,518
2026-05-14T16:15:00+00:00,443.1799999999998,443.33999999999975,441.66999999999973,441.87999999999977,642
2026-05-14T16:30:00+00:00,441.87999999999977,442.4999999999998,440.95999999999975,441.07999999999976,437
2026-05-14T16:45:00+00:00,441.07999999999976,442.3099999999998,440.70999999999975,441.94999999999976,478
2026-05-14T17:00:00+00:00,441.94999999999976,442.6199999999998,440.78999999999974,440.84999999999974,425
2026-05-14T17:15:00+00:00,440.84999999999974,442.32999999999976,440.1199999999998,442.32999999999976,899
2026-05-14T17:30:00+00:00,442.32999999999976,443.59999999999974,441.56999999999977,443.14999999999975,865
2026-05-14T17:45:00+00:00,443.14999999999975,445.45999999999975,443.14999999999975,444.12999999999977,560
2026-05-14T18:00:00+00:00,444.12999999999977,444.2999999999997,442.58999999999975,444.14999999999975,590
2026-05-14T18:15:00+00:00,444.14999999999975,445.06999999999977,443.6799999999998,444.84999999999974,506
2026-05-14T18:30:00+00:00,444.84999999999974,445.22999999999973,444.15999999999974,445.14999999999975,552
2026-05-14T18:45:00+00:00,445.14999999999975,448.47999999999973,444.83999999999975,448.31999999999977,1286
2026-05-14T19:00:00+00:00,448.31999999999977,449.84999999999974,448.08999999999975,448.7399999999998,1886
2026-05-14T19:15:00+00:00,448.7399999999998,450.16999999999973,448.64999999999975,449.1799999999998,1681
2026-05-14T19:30:00+00:00,449.1799999999998,451.02999999999975,448.97999999999973,450.60999999999973,1227
2026-05-14T19:45:00+00:00,450.60999999999973,451.2499999999998,448.27999999999975,448.8699999999998,1591
2026-05-15T13:30:00+00:00,448.8699999999998,448.8699999999998,433.2999999999997,435.2399999999998,564
2026-05-15T13:45:00+00:00,435.2399999999998,437.00999999999976,431.88999999999976,432.70999999999975,498
2026-05-15T14:00:00+00:00,432.70999999999975,438.3699999999998,432.69999999999976,437.4899999999998,457
2026-05-15T14:15:00+00:00,437.4899999999998,438.72999999999973,435.46999999999974,435.46999999999974,499
2026-05-15T14:30:00+00:00,435.46999999999974,437.00999999999976,435.2499999999998,435.69999999999976,396
2026-05-15T14:45:00+00:00,435.69999999999976,435.8699999999998,431.44999999999976,431.97999999999973,798.1656854499579
2026-05-15T15:00:00+00:00,431.97999999999973,433.22999999999973,431.07999999999976,432.64999999999975,913
2026-05-15T15:15:00+00:00,432.64999999999975,435.40999999999974,432.32999999999976,434.66999999999973,980
2026-05-15T15:30:00+00:00,434.66999999999973,436.7499999999998,434.66999999999973,435.3699999999998,880
2026-05-15T15:45:00+00:00,435.3699999999998,436.14999999999975,434.39999999999975,435.7499999999998,866
2026-05-15T16:00:00+00:00,435.7499999999998,437.3099999999998,435.1799999999998,437.15999999999974,676
2026-05-15T16:15:00+00:00,437.15999999999974,438.06999999999977,436.47999999999973,438.06999999999977,636
2026-05-15T16:30:00+00:00,438.06999999999977,439.45999999999975,437.84999999999974,439.40999999999974,711
2026-05-15T16:45:00+00:00,439.40999999999974,439.65999999999974,436.93999999999977,437.7499999999998,668
2026-05-15T17:00:00+00:00,437.7499999999998,438.00999999999976,437.21999999999974,437.77999999999975,543
2026-05-15T17:15:00+00:00,437.77999999999975,438.4999999999998,437.3699999999998,437.95999999999975,535
2026-05-15T17:30:00+00:00,437.95999999999975,438.58999999999975,436.34999999999974,436.37999999999977,668
2026-05-15T17:45:00+00:00,436.37999999999977,438.68999999999977,436.37999999999977,438.46999999999974,618
2026-05-15T18:00:00+00:00,438.46999999999974,439.27999999999975,438.31999999999977,438.84999999999974,1140
2026-05-15T18:15:00+00:00,438.84999999999974,438.9999999999998,436.4999999999998,436.76999999999975,820
2026-05-15T18:30:00+00:00,436.76999999999975,436.76999999999975,434.9299999999998,435.63999999999976,718
2026-05-15T18:45:00+00:00,435.63999999999976,436.82999999999976,435.1799999999998,436.56999999999977,632
2026-05-15T19:00:00+00:00,436.56999999999977,436.9299999999998,434.71999999999974,435.38999999999976,751
2026-05-15T19:15:00+00:00,435.38999999999976,435.90999999999974,434.94999999999976,435.8099999999998,791
2026-05-15T19:30:00+00:00,435.8099999999998,436.66999999999973,435.6199999999998,435.78999999999974,936
2026-05-15T19:45:00+00:00,435.78999999999974,435.97999999999973,433.78999999999974,434.7499999999998,2103
2026-05-18T13:30:00+00:00,434.7499999999998,434.7499999999998,425.9999999999998,426.22999999999973,695
2026-05-18T13:45:00+00:00,426.22999999999973,429.7399999999998,425.28999999999974,427.31999999999977,457
2026-05-18T14:00:00+00:00,427.31999999999977,428.08999999999975,424.0599999999998,427.78999999999974,498
2026-05-18T14:15:00+00:00,427.78999999999974,429.07999999999976,425.2999999999998,425.62999999999977,470
2026-05-18T14:30:00+00:00,425.62999999999977,428.8699999999998,424.1199999999998,428.19999999999976,601
2026-05-18T14:45:00+00:00,428.19999999999976,428.69999999999976,425.68999999999977,428.44999999999976,502
2026-05-18T15:00:00+00:00,428.44999999999976,430.39999999999975,427.65999999999974,428.76999999999975,614
2026-05-18T15:15:00+00:00,428.76999999999975,428.8099999999998,426.63999999999976,426.87999999999977,588
2026-05-18T15:30:00+00:00,426.87999999999977,428.15999999999974,426.07999999999976,426.26999999999975,495
2026-05-18T15:45:00+00:00,426.26999999999975,427.64999999999975,425.81999999999977,426.77999999999975,460
2026-05-18T16:00:00+00:00,426.77999999999975,428.15999999999974,426.06999999999977,428.14999999999975,346
2026-05-18T16:15:00+00:00,428.14999999999975,429.27999999999975,424.34999999999974,424.71999999999974,509
2026-05-18T16:30:00+00:00,424.71999999999974,427.21999999999974,424.07999999999976,427.1099999999998,420
2026-05-18T16:45:00+00:00,427.1099999999998,429.87999999999977,426.5599999999998,428.72999999999973,456
2026-05-18T17:00:00+00:00,428.72999999999973,428.87999999999977,427.68999999999977,427.96999999999974,397
2026-05-18T17:15:00+00:00,427.96999999999974,428.44999999999976,427.13999999999976,428.44999999999976,388
2026-05-18T17:30:00+00:00,428.44999999999976,428.9299999999998,427.56999999999977,428.52999999999975,437
2026-05-18T17:45:00+00:00,428.52999999999975,428.65999999999974,427.39999999999975,428.6099999999998,430
2026-05-18T18:00:00+00:00,428.6099999999998,428.69999999999976,426.94999999999976,426.9999999999998,514
2026-05-18T18:15:00+00:00,426.9999999999998,427.06999999999977,424.8699999999998,426.41999999999973,694
2026-05-18T18:30:00+00:00,426.41999999999973,427.87999999999977,426.06999999999977,426.20999999999975,548
2026-05-18T18:45:00+00:00,426.20999999999975,426.53999999999974,423.39999999999975,424.83999999999975,639
2026-05-18T19:00:00+00:00,424.83999999999975,429.65999999999974,424.77999999999975,427.68999999999977,352
2026-05-18T19:15:00+00:00,427.68999999999977,427.96999999999974,426.06999999999977,426.26999999999975,575
2026-05-18T19:30:00+00:00,426.26999999999975,429.37999999999977,426.06999999999977,429.3099999999998,848
2026-05-18T19:45:00+00:00,429.3099999999998,430.50999999999976,429.07999999999976,429.70999999999975,1737
2026-05-19T13:30:00+00:00,429.70999999999975,429.70999999999975,417.68999999999977,419.8699999999998,461
2026-05-19T13:45:00+00:00,419.8699999999998,421.68999999999977,417.06999999999977,419.2499999999998,663
2026-05-19T14:00:00+00:00,419.2499999999998,420.38999999999976,416.44999999999976,416.46999999999974,1051
2026-05-19T14:15:00+00:00,416.46999999999974,417.78999999999974,414.91999999999973,416.4299999999998,1033
2026-05-19T14:30:00+00:00,416.4299999999998,419.82999999999976,415.3599999999998,418.57999999999976,616
2026-05-19T14:45:00+00:00,418.57999999999976,420.89999999999975,416.51999999999975,419.89999999999975,652
2026-05-19T15:00:00+00:00,419.89999999999975,419.89999999999975,415.57999999999976,417.96999999999974,540
2026-05-19T15:15:00+00:00,417.96999999999974,419.8599999999998,417.38999999999976,418.37999999999977,460
2026-05-19T15:30:00+00:00,418.37999999999977,420.44999999999976,417.58999999999975,420.19999999999976,669
2026-05-19T15:45:00+00:00,420.19999999999976,420.69999999999976,419.15999999999974,419.4299999999998,468
2026-05-19T16:00:00+00:00,419.4299999999998,421.3099999999998,418.8699999999998,419.44999999999976,525
2026-05-19T16:15:00+00:00,419.44999999999976,422.25999999999976,419.44999999999976,421.7399999999998,515
2026-05-19T16:30:00+00:00,421.7399999999998,423.21999999999974,421.2399999999998,423.12999999999977,566
2026-05-19T16:45:00+00:00,423.12999999999977,423.40999999999974,421.56999999999977,421.82999999999976,626
2026-05-19T17:00:00+00:00,421.82999999999976,424.22999999999973,421.38999999999976,423.4999999999998,746
2026-05-19T17:15:00+00:00,423.4999999999998,425.40999999999974,422.83999999999975,423.2999999999998,680
2026-05-19T17:30:00+00:00,423.2999999999998,423.77999999999975,422.76999999999975,422.96999999999974,654
2026-05-19T17:45:00+00:00,422.96999999999974,423.08999999999975,421.08999999999975,422.38999999999976,642
2026-05-19T18:00:00+00:00,422.38999999999976,423.5499999999998,422.32999999999976,422.8099999999998,542
2026-05-19T18:15:00+00:00,422.8099999999998,423.26999999999975,420.78999999999974,421.1199999999998,596
2026-05-19T18:30:00+00:00,421.1199999999998,421.65999999999974,420.21999999999974,420.57999999999976,583
2026-05-19T18:45:00+00:00,420.57999999999976,421.3599999999998,419.56999999999977,420.13999999999976,760
2026-05-19T19:00:00+00:00,420.13999999999976,421.22999999999973,419.56999999999977,421.07999999999976,645
2026-05-19T19:15:00+00:00,421.07999999999976,421.3599999999998,418.26999999999975,419.56999999999977,865
2026-05-19T19:30:00+00:00,419.56999999999977,420.77999999999975,419.18999999999977,420.1799999999998,805
2026-05-19T19:45:00+00:00,420.1799999999998,421.06999999999977,418.1799999999998,419.91999999999973,1281
2026-05-20T13:30:00+00:00,419.91999999999973,426.38999999999976,419.91999999999973,423.91999999999973,549
2026-05-20T13:45:00+00:00,423.91999999999973,424.76999999999975,420.45999999999975,423.21999999999974,636
2026-05-20T14:00:00+00:00,423.21999999999974,426.08999999999975,421.26999999999975,425.78999999999974,581
2026-05-20T14:15:00+00:00,425.78999999999974,430.26999999999975,424.9899999999998,429.69999999999976,754
2026-05-20T14:30:00+00:00,429.69999999999976,430.1099999999998,426.96999999999974,428.53999999999974,541
2026-05-20T14:45:00+00:00,428.53999999999974,429.78999999999974,427.34999999999974,429.44999999999976,502.77273601230536
2026-05-20T15:00:00+00:00,429.44999999999976,431.81999999999977,429.21999999999974,431.01999999999975,629
2026-05-20T15:15:00+00:00,431.01999999999975,433.09999999999974,430.15999999999974,431.0499999999997,506
2026-05-20T15:30:00+00:00,431.0499999999997,431.50999999999976,429.26999999999975,429.88999999999976,354
2026-05-20T15:45:00+00:00,429.88999999999976,430.4899999999997,429.13999999999976,429.28999999999974,414
2026-05-20T16:00:00+00:00,429.28999999999974,430.0599999999998,428.32999999999976,429.34999999999974,436
2026-05-20T16:15:00+00:00,429.34999999999974,429.34999999999974,427.2399999999997,428.2399999999997,502
2026-05-20T16:30:00+00:00,428.2399999999997,428.96999999999974,427.2499999999998,428.96999999999974,404
2026-05-20T16:45:00+00:00,428.96999999999974,429.09999999999974,426.63999999999976,427.60999999999973,464
2026-05-20T17:00:00+00:00,427.60999999999973,427.87999999999977,426.41999999999973,427.00999999999976,451
2026-05-20T17:15:00+00:00,427.00999999999976,427.0599999999998,426.38999999999976,426.7499999999998,435
2026-05-20T17:30:00+00:00,426.7499999999998,427.89999999999975,426.7499999999998,427.32999999999976,474
2026-05-20T17:45:00+00:00,427.32999999999976,427.60999999999973,426.63999999999976,427.15999999999974,428
2026-05-20T18:00:00+00:00,427.15999999999974,428.26999999999975,426.85999999999973,427.76999999999975,533
2026-05-20T18:15:00+00:00,427.76999999999975,427.83999999999975,426.88999999999976,427.16999999999973,379
2026-05-20T18:30:00+00:00,427.16999999999973,427.83999999999975,426.7399999999997,426.95999999999975,382
2026-05-20T18:45:00+00:00,426.95999999999975,427.26999999999975,426.63999999999976,426.77999999999975,416
2026-05-20T19:00:00+00:00,426.77999999999975,427.9299999999998,426.63999999999976,427.75999999999976,438
2026-05-20T19:15:00+00:00,427.75999999999976,428.43999999999977,427.3699999999998,428.1199999999998,619
2026-05-20T19:30:00+00:00,428.1199999999998,428.18999999999977,426.95999999999975,427.39999999999975,702
2026-05-20T19:45:00+00:00,427.39999999999975,428.26999999999975,426.14999999999975,426.50999999999976,1509
2026-05-21T13:30:00+00:00,426.50999999999976,430.20999999999975,422.22999999999973,428.6799999999998,402
2026-05-21T13:45:00+00:00,428.6799999999998,430.50999999999976,427.00999999999976,430.0499999999997,558
2026-05-21T14:00:00+00:00,430.0499999999997,431.28999999999974,428.38999999999976,429.16999999999973,615
2026-05-21T14:15:00+00:00,429.16999999999973,429.2499999999998,424.13999999999976,424.15999999999974,648
2026-05-21T14:30:00+00:00,424.15999999999974,425.59999999999974,423.64999999999975,425.16999999999973,458
2026-05-21T14:45:00+00:00,425.16999999999973,425.45999999999975,423.63999999999976,423.89999999999975,527
2026-05-21T15:00:00+00:00,423.89999999999975,424.06999999999977,419.87999999999977,421.83999999999975,742
2026-05-21T15:15:00+00:00,421.83999999999975,423.81999999999977,421.83999999999975,423.2499999999998,428
2026-05-21T15:30:00+00:00,423.2499999999998,423.82999999999976,422.31999999999977,423.38999999999976,392
2026-05-21T15:45:00+00:00,423.38999999999976,424.3699999999998,423.3699999999998,423.63999999999976,542
2026-05-21T16:00:00+00:00,423.63999999999976,424.84999999999974,423.35999999999973,423.90999999999974,357
2026-05-21T16:15:00+00:00,423.90999999999974,424.18999999999977,421.83999999999975,422.02999999999975,495
2026-05-21T16:30:00+00:00,422.02999999999975,422.65999999999974,421.83999999999975,421.93999999999977,354
2026-05-21T16:45:00+00:00,421.93999999999977,422.14999999999975,421.03999999999974,421.34999999999974,447
2026-05-21T17:00:00+00:00,421.34999999999974,422.33999999999975,420.70999999999975,421.22999999999973,536
2026-05-21T17:15:00+00:00,421.22999999999973,423.57999999999976,421.18999999999977,422.2499999999998,547
2026-05-21T17:30:00+00:00,422.2499999999998,424.09999999999974,422.2499999999998,423.52999999999975,382
2026-05-21T17:45:00+00:00,423.52999999999975,425.0499999999997,423.22999999999973,423.68999999999977,513
2026-05-21T18:00:00+00:00,423.68999999999977,424.18999999999977,422.28999999999974,422.64999999999975,566
2026-05-21T18:15:00+00:00,422.64999999999975,423.03999999999974,422.2399999999997,422.64999999999975,576
2026-05-21T18:30:00+00:00,422.64999999999975,422.88999999999976,421.89999999999975,422.3099999999998,560
2026-05-21T18:45:00+00:00,422.3099999999998,422.44999999999976,419.60999999999973,420.85999999999973,716
2026-05-21T19:00:00+00:00,420.85999999999973,422.0499999999997,420.34999999999974,421.94999999999976,529
2026-05-21T19:15:00+00:00,421.94999999999976,423.10999999999973,421.93999999999977,422.33999999999975,696
2026-05-21T19:30:00+00:00,422.33999999999975,422.35999999999973,420.64999999999975,420.93999999999977,736
2026-05-21T19:45:00+00:00,420.93999999999977,424.32999999999976,420.71999999999974,423.83999999999975,1441
2026-05-22T13:30:00+00:00,423.83999999999975,428.77999999999975,423.83999999999975,428.16999999999973,269
2026-05-22T13:45:00+00:00,428.16999999999973,428.16999999999973,423.9899999999997,424.9899999999997,466
2026-05-22T14:00:00+00:00,424.9899999999997,424.9999999999998,422.71999999999974,423.4899999999997,414
2026-05-22T14:15:00+00:00,423.4899999999997,424.0599999999998,419.33999999999975,420.65999999999974,688
2026-05-22T14:30:00+00:00,420.65999999999974,421.94999999999976,419.8099999999998,421.3699999999998,457
2026-05-22T14:45:00+00:00,421.3699999999998,422.82999999999976,419.82999999999976,422.77999999999975,406.9713382983525
2026-05-22T15:00:00+00:00,422.77999999999975,423.4899999999997,422.47999999999973,423.15999999999974,374
2026-05-22T15:15:00+00:00,423.15999999999974,424.4299999999997,423.0599999999997,424.31999999999977,469
2026-05-22T15:30:00+00:00,424.31999999999977,424.31999999999977,422.97999999999973,423.02999999999975,385
2026-05-22T15:45:00+00:00,423.02999999999975,423.19999999999976,421.6799999999997,421.88999999999976,398
2026-05-22T16:00:00+00:00,421.88999999999976,422.6199999999997,421.28999999999974,422.53999999999974,321
2026-05-22T16:15:00+00:00,422.53999999999974,423.06999999999977,421.77999999999975,422.95999999999975,303
2026-05-22T16:30:00+00:00,422.95999999999975,423.26999999999975,422.28999999999974,422.28999999999974,355
2026-05-22T16:45:00+00:00,422.28999999999974,423.02999999999975,422.1799999999997,422.89999999999975,317
2026-05-22T17:00:00+00:00,422.89999999999975,423.56999999999977,422.45999999999975,422.96999999999974,324
2026-05-22T17:15:00+00:00,422.96999999999974,423.52999999999975,422.07999999999976,423.52999999999975,307
2026-05-22T17:30:00+00:00,423.52999999999975,423.8799999999997,422.07999999999976,422.4399999999997,270
2026-05-22T17:45:00+00:00,422.4399999999997,422.8699999999997,421.95999999999975,422.01999999999975,318
2026-05-22T18:00:00+00:00,422.01999999999975,422.97999999999973,421.8799999999997,422.06999999999977,307
2026-05-22T18:15:00+00:00,422.06999999999977,422.4999999999997,421.52999999999975,421.8099999999997,353
2026-05-22T18:30:00+00:00,421.8099999999997,422.02999999999975,420.97999999999973,421.88999999999976,480
2026-05-22T18:45:00+00:00,421.88999999999976,422.75999999999976,421.51999999999975,422.4299999999997,426
2026-05-22T19:00:00+00:00,422.4299999999997,422.4299999999997,420.9899999999997,421.4299999999997,371
2026-05-22T19:15:00+00:00,421.4299999999997,422.21999999999974,421.01999999999975,421.50999999999976,555
2026-05-22T19:30:00+00:00,421.50999999999976,421.78999999999974,420.8799999999997,421.03999999999974,559
2026-05-22T19:45:00+00:00,421.03999999999974,423.8699999999997,420.64999999999975,423.33999999999975,1040
2026-05-26T13:30:00+00:00,423.33999999999975,436.95999999999975,423.33999999999975,435.33999999999975,730
2026-05-26T13:45:00+00:00,435.33999999999975,439.4399999999997,435.33999999999975,437.16999999999973,1003
2026-05-26T14:00:00+00:00,437.16999999999973,439.14999999999975,436.5499999999997,438.47999999999973,674
2026-05-26T14:15:00+00:00,438.47999999999973,443.83999999999975,438.07999999999976,443.83999999999975,897
2026-05-26T14:30:00+00:00,443.83999999999975,444.4899999999997,442.32999999999976,442.53999999999974,735
2026-05-26T14:45:00+00:00,442.53999999999974,442.53999999999974,439.78999999999974,439.78999999999974,574
2026-05-26T15:00:00+00:00,439.78999999999974,439.89999999999975,436.00999999999976,437.02999999999975,591
2026-05-26T15:15:00+00:00,437.02999999999975,437.02999999999975,433.94999999999976,434.07999999999976,535
2026-05-26T15:30:00+00:00,434.07999999999976,434.08999999999975,432.28999999999974,432.85999999999973,492
2026-05-26T15:45:00+00:00,432.85999999999973,432.91999999999973,431.07999999999976,431.96999999999974,417
2026-05-26T16:00:00+00:00,431.96999999999974,433.6799999999997,430.77999999999975,432.4299999999997,539
2026-05-26T16:15:00+00:00,432.4299999999997,432.63999999999976,430.33999999999975,432.14999999999975,401
2026-05-26T16:30:00+00:00,432.14999999999975,432.21999999999974,430.69999999999976,430.71999999999974,500
2026-05-26T16:45:00+00:00,430.71999999999974,431.95999999999975,430.52999999999975,431.63999999999976,463
2026-05-26T17:00:00+00:00,431.63999999999976,433.25999999999976,431.56999999999977,432.27999999999975,535
2026-05-26T17:15:00+00:00,432.27999999999975,432.27999999999975,431.1299999999997,431.5499999999997,386
2026-05-26T17:30:00+00:00,431.5499999999997,432.28999999999974,431.16999999999973,431.39999999999975,447
2026-05-26T17:45:00+00:00,431.39999999999975,432.63999999999976,431.3699999999997,431.6899999999997,432
2026-05-26T18:00:00+00:00,431.6899999999997,432.27999999999975,431.28999999999974,431.39999999999975,400
2026-05-26T18:15:00+00:00,431.39999999999975,431.89999999999975,430.91999999999973,431.0499999999997,370
2026-05-26T18:30:00+00:00,431.0499999999997,431.53999999999974,430.6799999999997,430.96999999999974,528
2026-05-26T18:45:00+00:00,430.96999999999974,431.56999999999977,430.71999999999974,431.1899999999997,418
2026-05-26T19:00:00+00:00,431.1899999999997,432.8699999999997,430.77999999999975,432.50999999999976,510
2026-05-26T19:15:00+00:00,432.50999999999976,432.84999999999974,431.9399999999997,432.06999999999977,789
2026-05-26T19:30:00+00:00,432.06999999999977,432.81999999999977,431.33999999999975,432.50999999999976,783
2026-05-26T19:45:00+00:00,432.50999999999976,433.81999999999977,430.65999999999974,430.85999999999973,1657
2026-05-27T13:30:00+00:00,430.85999999999973,441.78999999999974,430.85999999999973,434.2999999999997,540
2026-05-27T13:45:00+00:00,434.2999999999997,438.33999999999975,432.28999999999974,437.51999999999975,679
2026-05-27T14:00:00+00:00,437.51999999999975,437.6899999999997,431.0499999999997,431.50999999999976,611
2026-05-27T14:15:00+00:00,431.50999999999976,432.22999999999973,425.75999999999976,425.96999999999974,911
2026-05-27T14:30:00+00:00,425.96999999999974,429.90999999999974,425.96999999999974,429.13999999999976,728
2026-05-27T14:45:00+00:00,429.13999999999976,429.8099999999997,427.08999999999975,427.40999999999974,627.8211529732183
2026-05-27T15:00:00+00:00,427.40999999999974,429.91999999999973,426.65999999999974,428.85999999999973,590
2026-05-27T15:15:00+00:00,428.85999999999973,429.45999999999975,427.57999999999976,429.40999999999974,501
2026-05-27T15:30:00+00:00,429.40999999999974,430.4299999999997,426.27999999999975,426.4299999999997,606
2026-05-27T15:45:00+00:00,426.4299999999997,427.08999999999975,425.77999999999975,426.75999999999976,491
2026-05-27T16:00:00+00:00,426.75999999999976,428.2999999999997,426.16999999999973,428.09999999999974,521
2026-05-27T16:15:00+00:00,428.09999999999974,428.8699999999998,427.77999999999975,428.14999999999975,482
2026-05-27T16:30:00+00:00,428.14999999999975,429.77999999999975,427.88999999999976,429.66999999999973,460
2026-05-27T16:45:00+00:00,429.66999999999973,431.22999999999973,428.93999999999977,429.02999999999975,549
2026-05-27T17:00:00+00:00,429.02999999999975,429.26999999999975,427.43999999999977,428.5599999999998,306
2026-05-27T17:15:00+00:00,428.5599999999998,430.65999999999974,428.52999999999975,430.64999999999975,389
2026-05-27T17:30:00+00:00,430.64999999999975,431.47999999999973,429.57999999999976,430.18999999999977,363
2026-05-27T17:45:00+00:00,430.18999999999977,430.87999999999977,429.83999999999975,429.9899999999997,419
2026-05-27T18:00:00+00:00,429.9899999999997,430.53999999999974,429.50999999999976,430.00999999999976,476
2026-05-27T18:15:00+00:00,430.00999999999976,430.63999999999976,429.76999999999975,430.59999999999974,452
2026-05-27T18:30:00+00:00,430.59999999999974,430.6199999999998,428.95999999999975,429.69999999999976,422
2026-05-27T18:45:00+00:00,429.69999999999976,430.12999999999977,429.38999999999976,429.44999999999976,431
2026-05-27T19:00:00+00:00,429.44999999999976,430.39999999999975,429.21999999999974,430.00999999999976,533
2026-05-27T19:15:00+00:00,430.00999999999976,432.7499999999998,429.9899999999997,432.4899999999997,676
2026-05-27T19:30:00+00:00,432.4899999999997,433.32999999999976,432.32999999999976,433.07999999999976,675
2026-05-27T19:45:00+00:00,433.07999999999976,433.6799999999997,429.95999999999975,431.33999999999975,1765
2026-05-28T13:30:00+00:00,431.33999999999975,433.2399999999997,423.08999999999975,424.96999999999974,753
2026-05-28T13:45:00+00:00,424.96999999999974,431.01999999999975,424.96999999999974,428.9999999999998,850
2026-05-28T14:00:00+00:00,428.9999999999998,431.03999999999974,427.09999999999974,431.03999999999974,872
2026-05-28T14:15:00+00:00,431.03999999999974,431.27999999999975,425.85999999999973,427.01999999999975,672
2026-05-28T14:30:00+00:00,427.01999999999975,429.44999999999976,427.01999999999975,429.31999999999977,599
2026-05-28T14:45:00+00:00,429.31999999999977,432.32999999999976,429.14999999999975,432.32999999999976,691
2026-05-28T15:00:00+00:00,432.32999999999976,434.47999999999973,431.85999999999973,432.0599999999998,879
2026-05-28T15:15:00+00:00,432.0599999999998,432.90999999999974,431.87999999999977,432.51999999999975,624
2026-05-28T15:30:00+00:00,432.51999999999975,434.06999999999977,432.2999999999997,432.7399999999997,650
2026-05-28T15:45:00+00:00,432.7399999999997,434.81999999999977,432.45999999999975,434.72999999999973,576
2026-05-28T16:00:00+00:00,434.72999999999973,434.8699999999998,433.72999999999973,434.09999999999974,522
2026-05-28T16:15:00+00:00,434.09999999999974,436.44999999999976,434.09999999999974,435.37999999999977,593
2026-05-28T16:30:00+00:00,435.37999999999977,436.25999999999976,434.0599999999998,436.14999999999975,482
2026-05-28T16:45:00+00:00,436.14999999999975,436.9899999999997,435.07999999999976,435.4299999999997,567
2026-05-28T17:00:00+00:00,435.4299999999997,436.2399999999997,434.91999999999973,435.97999999999973,475
2026-05-28T17:15:00+00:00,435.97999999999973,437.34999999999974,435.65999999999974,437.00999999999976,630
2026-05-28T17:30:00+00:00,437.00999999999976,437.41999999999973,435.9299999999997,436.65999999999974,476
2026-05-28T17:45:00+00:00,436.65999999999974,437.81999999999977,436.65999999999974,437.41999999999973,581
2026-05-28T18:00:00+00:00,437.41999999999973,438.44999999999976,437.12999999999977,437.7499999999998,540
2026-05-28T18:15:00+00:00,437.7499999999998,438.70999999999975,437.60999999999973,437.97999999999973,510
2026-05-28T18:30:00+00:00,437.97999999999973,438.00999999999976,436.21999999999974,436.84999999999974,666
2026-05-28T18:45:00+00:00,436.84999999999974,436.95999999999975,435.38999999999976,435.40999999999974,611
2026-05-28T19:00:00+00:00,435.40999999999974,437.6199999999998,435.28999999999974,437.15999999999974,546
2026-05-28T19:15:00+00:00,437.15999999999974,437.47999999999973,434.32999999999976,434.34999999999974,847
2026-05-28T19:30:00+00:00,434.34999999999974,435.7999999999997,434.26999999999975,435.7499999999998,818
2026-05-28T19:45:00+00:00,435.7499999999998,436.4299999999997,434.5599999999998,435.6199999999998,1953
2026-05-29T13:30:00+00:00,435.6199999999998,454.7399999999997,435.6199999999998,454.40999999999974,1144
2026-05-29T13:45:00+00:00,454.40999999999974,457.46999999999974,452.59999999999974,453.77999999999975,1092
2026-05-29T14:00:00+00:00,453.77999999999975,455.08999999999975,451.87999999999977,452.1799999999997,951
2026-05-29T14:15:00+00:00,452.1799999999997,452.38999999999976,447.08999999999975,448.4999999999998,984
2026-05-29T14:30:00+00:00,448.4999999999998,448.72999999999973,443.6199999999998,444.53999999999974,918
2026-05-29T14:45:00+00:00,444.53999999999974,448.09999999999974,443.6199999999998,446.1499999999998,809.2532320952186
2026-05-29T15:00:00+00:00,446.1499999999998,451.24999999999983,446.1299999999998,450.84999999999985,861
2026-05-29T15:15:00+00:00,450.84999999999985,450.86999999999983,448.15999999999985,448.6899999999998,654
2026-05-29T15:30:00+00:00,448.6899999999998,448.90999999999985,447.3299999999998,447.71999999999986,635
2026-05-29T15:45:00+00:00,447.71999999999986,448.98999999999984,447.5199999999998,447.5199999999998,574
2026-05-29T16:00:00+00:00,447.5199999999998,449.4499999999998,447.5199999999998,448.85999999999984,602
2026-05-29T16:15:00+00:00,448.85999999999984,449.90999999999985,448.42999999999984,449.1999999999998,543
2026-05-29T16:30:00+00:00,449.1999999999998,450.11999999999983,448.48999999999984,449.72999999999985,679
2026-05-29T16:45:00+00:00,449.72999999999985,450.27999999999986,448.11999999999983,448.24999999999983,611
2026-05-29T17:00:00+00:00,448.24999999999983,448.91999999999985,447.7599999999998,447.99999999999983,474
2026-05-29T17:15:00+00:00,447.99999999999983,448.5899999999998,446.3299999999998,446.5099999999998,745
2026-05-29T17:30:00+00:00,446.5099999999998,446.61999999999983,443.7099999999998,443.77999999999986,781
2026-05-29T17:45:00+00:00,443.77999999999986,444.80999999999983,443.0899999999998,444.11999999999983,748
2026-05-29T18:00:00+00:00,444.11999999999983,445.27999999999986,443.8299999999998,444.3899999999998,615
2026-05-29T18:15:00+00:00,444.3899999999998,445.48999999999984,444.27999999999986,445.11999999999983,555
2026-05-29T18:30:00+00:00,445.11999999999983,445.6299999999998,444.8399999999998,445.3799999999998,541
2026-05-29T18:45:00+00:00,445.3799999999998,445.3799999999998,444.2599999999998,444.6999999999998,627
2026-05-29T19:00:00+00:00,444.6999999999998,446.0699999999998,444.3399999999998,445.79999999999984,632
2026-05-29T19:15:00+00:00,445.79999999999984,447.3299999999998,445.77999999999986,447.2599999999998,717
2026-05-29T19:30:00+00:00,447.2599999999998,449.3299999999998,447.2099999999998,449.16999999999985,987
2026-05-29T19:45:00+00:00,449.16999999999985,457.6999999999998,449.05999999999983,455.96999999999986,2348
2026-06-01T13:30:00+00:00,455.96999999999986,465.09999999999985,451.8299999999998,461.98999999999984,857
2026-06-01T13:45:00+00:00,461.98999999999984,462.6399999999998,456.49999999999983,456.8999999999998,919
2026-06-01T14:00:00+00:00,456.8999999999998,460.23999999999984,454.99999999999983,458.1499999999998,984
2026-06-01T14:15:00+00:00,458.1499999999998,462.1299999999998,458.1399999999998,460.0699999999998,807
2026-06-01T14:30:00+00:00,460.0699999999998,469.30999999999983,459.91999999999985,466.98999999999984,1298
2026-06-01T14:45:00+00:00,466.98999999999984,467.1899999999998,463.73999999999984,464.30999999999983,865
2026-06-01T15:00:00+00:00,464.30999999999983,465.4499999999998,463.48999999999984,465.0899999999998,730
2026-06-01T15:15:00+00:00,465.0899999999998,467.35999999999984,464.04999999999984,465.09999999999985,693
2026-06-01T15:30:00+00:00,465.09999999999985,468.72999999999985,465.09999999999985,467.8899999999998,757
2026-06-01T15:45:00+00:00,467.8899999999998,468.21999999999986,466.28999999999985,467.7699999999998,758
2026-06-01T16:00:00+00:00,467.7699999999998,472.0099999999998,467.7699999999998,470.7099999999998,922
2026-06-01T16:15:00+00:00,470.7099999999998,471.3899999999998,469.48999999999984,471.0099999999998,705
2026-06-01T16:30:00+00:00,471.0099999999998,472.4599999999998,469.6499999999998,471.48999999999984,767
2026-06-01T16:45:00+00:00,471.48999999999984,471.48999999999984,469.7599999999998,470.96999999999986,645
2026-06-01T17:00:00+00:00,470.96999999999986,471.0099999999998,469.1499999999998,470.5899999999998,641
2026-06-01T17:15:00+00:00,470.5899999999998,470.85999999999984,468.6899999999998,469.49999999999983,506
2026-06-01T17:30:00+00:00,469.49999999999983,473.0699999999998,469.2099999999998,472.11999999999983,666
2026-06-01T17:45:00+00:00,472.11999999999983,474.96999999999986,472.0799999999998,472.7699999999998,957
2026-06-01T18:00:00+00:00,472.7699999999998,473.2099999999998,468.09999999999985,468.29999999999984,990
2026-06-01T18:15:00+00:00,468.29999999999984,470.17999999999984,467.71999999999986,470.1499999999998,738
2026-06-01T18:30:00+00:00,470.1499999999998,471.3899999999998,469.34999999999985,471.0099999999998,808
2026-06-01T18:45:00+00:00,471.0099999999998,471.98999999999984,469.35999999999984,470.99999999999983,724
2026-06-01T19:00:00+00:00,470.99999999999983,471.5699999999998,470.2699999999998,470.8399999999998,808
2026-06-01T19:15:00+00:00,470.8399999999998,470.8899999999998,468.09999999999985,468.1899999999998,825
2026-06-01T19:30:00+00:00,468.1899999999998,468.22999999999985,466.3999999999998,466.78999999999985,1122
2026-06-01T19:45:00+00:00,466.78999999999985,469.5099999999998,465.36999999999983,469.1499999999998,1864
2026-06-02T13:30:00+00:00,469.1499999999998,497.66999999999985,469.1499999999998,491.96999999999986,815
2026-06-02T13:45:00+00:00,491.96999999999986,494.30999999999983,488.8799999999998,489.9399999999998,1006
2026-06-02T14:00:00+00:00,489.9399999999998,491.66999999999985,486.59999999999985,489.0199999999998,1095
2026-06-02T14:15:00+00:00,489.0199999999998,491.4399999999998,487.0099999999998,488.23999999999984,997
2026-06-02T14:30:00+00:00,488.23999999999984,489.8799999999998,486.7699999999998,489.1399999999998,899
2026-06-02T14:45:00+00:00,489.1399999999998,489.99999999999983,487.8799999999998,488.84999999999985,866
2026-06-02T15:00:00+00:00,488.84999999999985,489.3899999999998,484.5199999999998,489.3899999999998,1113
2026-06-02T15:15:00+00:00,489.3899999999998,491.77999999999986,488.99999999999983,489.53999999999985,978
2026-06-02T15:30:00+00:00,489.53999999999985,491.73999999999984,488.5899999999998,491.0199999999998,890
2026-06-02T15:45:00+00:00,491.0199999999998,493.1899999999998,491.0199999999998,492.6399999999998,753
2026-06-02T16:00:00+00:00,492.6399999999998,494.60999999999984,492.48999999999984,493.48999999999984,751
2026-06-02T16:15:00+00:00,493.48999999999984,493.6299999999998,491.72999999999985,491.92999999999984,699
2026-06-02T16:30:00+00:00,491.92999999999984,492.48999999999984,491.0199999999998,491.98999999999984,673
2026-06-02T16:45:00+00:00,491.98999999999984,492.0699999999998,487.98999999999984,488.6499999999998,611
2026-06-02T17:00:00+00:00,488.6499999999998,488.66999999999985,486.8399999999998,487.60999999999984,564
2026-06-02T17:15:00+00:00,487.60999999999984,488.35999999999984,483.98999999999984,484.0099999999998,792
2026-06-02T17:30:00+00:00,484.0099999999998,487.6399999999998,483.98999999999984,486.0099999999998,644
2026-06-02T17:45:00+00:00,486.0099999999998,486.6399999999998,484.16999999999985,484.41999999999985,638
2026-06-02T18:00:00+00:00,484.41999999999985,484.65999999999985,481.54999999999984,481.5799999999998,853
2026-06-02T18:15:00+00:00,481.5799999999998,482.5099999999998,479.3799999999998,481.97999999999985,798
2026-06-02T18:30:00+00:00,481.97999999999985,483.8999999999998,480.11999999999983,480.8199999999998,928
2026-06-02T18:45:00+00:00,480.8199999999998,483.1499999999998,480.49999999999983,482.29999999999984,854
2026-06-02T19:00:00+00:00,482.29999999999984,485.40999999999985,482.2699999999998,485.0699999999998,893
2026-06-02T19:15:00+00:00,485.0699999999998,487.15999999999985,484.84999999999985,485.3999999999998,990
2026-06-02T19:30:00+00:00,485.3999999999998,487.53999999999985,484.78999999999985,485.8999999999998,1142
2026-06-02T19:45:00+00:00,485.8999999999998,491.7699999999998,485.8999999999998,490.92999999999984,1969
2026-06-03T13:30:00+00:00,490.92999999999984,503.67999999999984,484.42999999999984,485.30999999999983,1206
2026-06-03T13:45:00+00:00,485.30999999999983,489.0199999999998,481.59999999999985,486.98999999999984,1168
2026-06-03T14:00:00+00:00,486.98999999999984,490.78999999999985,485.6299999999998,490.78999999999985,1033
2026-06-03T14:15:00+00:00,490.78999999999985,495.4399999999998,490.5099999999998,495.40999999999985,1121
2026-06-03T14:30:00+00:00,495.40999999999985,495.86999999999983,492.8399999999998,494.0199999999998,890
2026-06-03T14:45:00+00:00,494.0199999999998,497.4399999999998,494.0099999999998,494.7399999999998,1020.3149384885764
2026-06-03T15:00:00+00:00,494.7399999999998,497.5499999999998,494.4299999999998,497.16999999999973,928
2026-06-03T15:15:00+00:00,497.16999999999973,498.31999999999977,495.0499999999998,496.9899999999998,878
2026-06-03T15:30:00+00:00,496.9899999999998,498.4999999999998,494.90999999999974,494.9899999999998,747
2026-06-03T15:45:00+00:00,494.9899999999998,495.94999999999976,492.81999999999977,494.72999999999973,753
2026-06-03T16:00:00+00:00,494.72999999999973,495.2499999999998,492.5599999999998,492.8699999999998,683
2026-06-03T16:15:00+00:00,492.8699999999998,495.28999999999974,492.00999999999976,493.21999999999974,896
2026-06-03T16:30:00+00:00,493.21999999999974,493.9999999999998,491.2499999999998,492.02999999999975,961
2026-06-03T16:45:00+00:00,492.02999999999975,495.58999999999975,492.00999999999976,495.58999999999975,926
2026-06-03T17:00:00+00:00,495.58999999999975,495.93999999999977,492.28999999999974,492.40999999999974,859
2026-06-03T17:15:00+00:00,492.40999999999974,493.6799999999998,491.00999999999976,493.64999999999975,896
2026-06-03T17:30:00+00:00,493.64999999999975,493.84999999999974,492.60999999999973,493.63999999999976,665
2026-06-03T17:45:00+00:00,493.63999999999976,496.14999999999975,493.51999999999975,495.5599999999998,882
2026-06-03T18:00:00+00:00,495.5599999999998,496.09999999999974,494.9299999999998,495.50999999999976,689
2026-06-03T18:15:00+00:00,495.50999999999976,497.75999999999976,494.37999999999977,497.64999999999975,836
2026-06-03T18:30:00+00:00,497.64999999999975,498.13999999999976,496.00999999999976,496.4299999999998,959
2026-06-03T18:45:00+00:00,496.4299999999998,497.32999999999976,495.2999999999998,496.13999999999976,858
2026-06-03T19:00:00+00:00,496.13999999999976,498.94999999999976,495.70999999999975,496.51999999999975,1016
2026-06-03T19:15:00+00:00,496.51999999999975,497.38999999999976,493.7499999999998,495.09999999999974,1233
2026-06-03T19:30:00+00:00,495.09999999999974,495.72999999999973,492.52999999999975,493.90999999999974,1519
2026-06-03T19:45:00+00:00,493.90999999999974,494.89999999999975,486.06999999999977,486.07999999999976,2450
2026-06-04T13:30:00+00:00,486.07999999999976,486.07999999999976,412.51999999999975,412.51999999999975,2667
2026-06-04T13:45:00+00:00,412.51999999999975,416.0499999999998,412.01999999999975,413.02999999999975,2651
2026-06-04T14:00:00+00:00,413.02999999999975,417.28999999999974,412.70999999999975,417.0599999999998,2534
2026-06-04T14:15:00+00:00,417.0599999999998,418.60999999999973,414.5599999999998,414.72999999999973,2561
2026-06-04T14:30:00+00:00,414.72999999999973,420.83999999999975,414.5599999999998,419.7399999999998,2308
2026-06-04T14:45:00+00:00,419.7399999999998,421.3099999999998,416.60999999999973,417.38999999999976,2343
2026-06-04T15:00:00+00:00,417.38999999999976,421.41999999999973,415.9299999999998,421.27999999999975,2223
2026-06-04T15:15:00+00:00,421.27999999999975,423.6799999999998,419.90999999999974,422.26999999999975,2167
2026-06-04T15:30:00+00:00,422.26999999999975,423.95999999999975,421.76999999999975,421.96999999999974,1931
2026-06-04T15:45:00+00:00,421.96999999999974,422.03999999999974,417.00999999999976,417.06999999999977,2031
2026-06-04T16:00:00+00:00,417.06999999999977,418.88999999999976,416.32999999999976,416.97999999999973,1962
2026-06-04T16:15:00+00:00,416.97999999999973,419.7399999999998,416.59999999999974,418.85999999999973,1690
2026-06-04T16:30:00+00:00,418.85999999999973,422.2499999999998,417.00999999999976,421.66999999999973,1675
2026-06-04T16:45:00+00:00,421.66999999999973,424.40999999999974,421.0499999999998,424.1799999999998,1862
2026-06-04T17:00:00+00:00,424.1799999999998,427.76999999999975,423.50999999999976,425.75999999999976,1972
2026-06-04T17:15:00+00:00,425.75999999999976,431.1799999999998,425.75999999999976,429.12999999999977,1943
2026-06-04T17:30:00+00:00,429.12999999999977,432.81999999999977,428.22999999999973,431.40999999999974,2067
2026-06-04T17:45:00+00:00,431.40999999999974,433.18999999999977,430.34999999999974,432.62999999999977,1542
2026-06-04T18:00:00+00:00,432.62999999999977,435.3099999999998,429.66999999999973,430.31999999999977,2004
2026-06-04T18:15:00+00:00,430.31999999999977,430.85999999999973,426.22999999999973,427.1199999999998,1946
2026-06-04T18:30:00+00:00,427.1199999999998,429.08999999999975,424.7399999999998,428.45999999999975,1899
2026-06-04T18:45:00+00:00,428.45999999999975,428.57999999999976,424.8099999999998,425.06999999999977,1645
2026-06-04T19:00:00+00:00,425.06999999999977,428.25999999999976,424.90999999999974,425.15999999999974,1622
2026-06-04T19:15:00+00:00,425.15999999999974,430.02999999999975,423.75999999999976,430.00999999999976,2066
2026-06-04T19:30:00+00:00,430.00999999999976,431.46999999999974,429.06999999999977,431.00999999999976,2018
2026-06-04T19:45:00+00:00,431.00999999999976,432.4299999999998,426.93999999999977,428.20999999999975,3561
2026-06-05T13:30:00+00:00,428.20999999999975,428.20999999999975,409.00999999999976,410.22999999999973,1953
2026-06-05T13:45:00+00:00,410.22999999999973,412.77999999999975,408.97999999999973,410.34999999999974,2153.4217465753427
2026-06-05T14:00:00+00:00,410.34999999999974,413.09999999999974,406.1099999999997,408.25999999999965,2293.1490847509253
2026-06-05T14:15:00+00:00,408.25999999999965,411.6899999999996,407.4499999999996,409.13999999999965,2538.937042691159
2026-06-05T14:30:00+00:00,409.13999999999965,411.9299999999997,408.18999999999966,408.4799999999997,1931.7158193772677
2026-06-05T14:45:00+00:00,408.4799999999997,409.54999999999967,406.9699999999997,407.7299999999997,1846.650309515151
2026-06-05T15:00:00+00:00,407.7299999999997,408.26999999999964,405.4099999999996,405.7999999999996,1941.5856205887922
2026-06-05T15:15:00+00:00,405.7999999999996,406.26999999999964,402.6499999999996,403.7899999999996,1954.8469671443086
2026-06-05T15:30:00+00:00,403.7899999999996,404.1499999999996,400.7599999999996,401.1499999999996,2135
2026-06-05T15:45:00+00:00,401.1499999999996,402.1499999999996,400.7999999999996,401.1399999999996,1536
2026-06-05T16:00:00+00:00,401.1399999999996,401.15999999999957,399.1099999999996,399.2699999999996,1872
2026-06-05T16:15:00+00:00,399.2699999999996,400.3799999999996,397.9999999999996,399.7099999999996,1784
2026-06-05T16:30:00+00:00,399.7099999999996,400.2599999999996,398.4999999999996,398.6099999999996,1831
2026-06-05T16:45:00+00:00,398.6099999999996,401.3299999999996,397.6499999999996,400.7599999999996,1836
2026-06-05T17:00:00+00:00,400.7599999999996,400.8299999999996,399.2499999999996,400.1399999999996,1351
2026-06-05T17:15:00+00:00,400.1399999999996,402.8099999999996,399.9499999999996,401.3299999999996,1431
2026-06-05T17:30:00+00:00,401.3299999999996,403.15999999999957,400.8699999999996,401.7799999999996,1273
2026-06-05T17:45:00+00:00,401.7799999999996,401.9499999999996,399.8299999999996,400.2499999999996,1032
2026-06-05T18:00:00+00:00,400.2499999999996,400.4499999999996,396.0499999999996,396.0699999999996,1642
2026-06-05T18:15:00+00:00,396.0699999999996,396.9999999999996,395.2599999999996,396.2499999999996,1950
2026-06-05T18:30:00+00:00,396.2499999999996,396.8699999999996,394.0499999999996,394.7099999999996,1905
2026-06-05T18:45:00+00:00,394.7099999999996,394.84999999999957,392.6499999999996,394.2699999999996,2202
2026-06-05T19:00:00+00:00,394.2699999999996,395.0099999999996,392.2999999999996,392.90999999999957,1795
2026-06-05T19:15:00+00:00,392.90999999999957,395.1999999999996,392.1099999999996,395.1699999999996,2091
2026-06-05T19:30:00+00:00,395.1699999999996,396.2699999999996,393.4799999999996,395.2699999999996,2322
2026-06-05T19:45:00+00:00,395.2699999999996,396.3299999999996,391.3999999999996,392.0199999999996,2521
2026-06-08T13:30:00+00:00,392.0199999999996,408.2299999999996,392.0199999999996,403.34999999999957,1237
2026-06-08T13:45:00+00:00,403.34999999999957,404.8099999999996,397.90999999999957,397.9199999999996,1310
2026-06-08T14:00:00+00:00,397.9199999999996,400.2699999999996,396.9499999999996,399.7599999999996,1218
2026-06-08T14:15:00+00:00,399.7599999999996,401.5699999999996,398.3899999999996,400.8299999999996,1016
2026-06-08T14:30:00+00:00,400.8299999999996,403.3299999999996,400.6399999999996,402.1399999999996,1216
2026-06-08T14:45:00+00:00,402.1399999999996,404.9999999999996,402.1399999999996,403.4199999999996,1125
2026-06-08T15:00:00+00:00,403.4199999999996,404.84999999999957,403.0499999999996,404.3599999999996,1128
2026-06-08T15:15:00+00:00,404.3599999999996,404.9299999999996,403.1099999999996,403.3999999999996,1161
2026-06-08T15:30:00+00:00,403.3999999999996,404.5499999999996,402.3999999999996,404.4899999999996,921
2026-06-08T15:45:00+00:00,404.4899999999996,405.5699999999996,402.1199999999996,402.5099999999996,1029
2026-06-08T16:00:00+00:00,402.5099999999996,403.1499999999996,402.0399999999996,402.7599999999996,950
2026-06-08T16:15:00+00:00,402.7599999999996,403.6799999999996,401.4199999999996,401.4299999999996,936
2026-06-08T16:30:00+00:00,401.4299999999996,401.8999999999996,399.65999999999957,400.3999999999996,1280
2026-06-08T16:45:00+00:00,400.3999999999996,402.8899999999996,400.2599999999996,402.0199999999996,916
2026-06-08T17:00:00+00:00,402.0199999999996,402.0199999999996,400.4299999999996,400.9999999999996,813
2026-06-08T17:15:00+00:00,400.9999999999996,401.59999999999957,400.2899999999996,400.6499999999996,742
2026-06-08T17:30:00+00:00,400.6499999999996,400.7599999999996,398.7499999999996,399.4199999999996,804
2026-06-08T17:45:00+00:00,399.4199999999996,400.5499999999996,399.4199999999996,400.3299999999996,798
2026-06-08T18:00:00+00:00,400.3299999999996,401.2699999999996,400.1499999999996,400.3399999999996,884
2026-06-08T18:15:00+00:00,400.3399999999996,400.7599999999996,400.1499999999996,400.4699999999996,858
2026-06-08T18:30:00+00:00,400.4699999999996,402.0899999999996,400.40999999999957,400.5099999999996,1112
2026-06-08T18:45:00+00:00,400.5099999999996,401.8399999999996,399.9999999999996,401.7199999999996,882
2026-06-08T19:00:00+00:00,401.7199999999996,401.9999999999996,399.2499999999996,399.2899999999996,958
2026-06-08T19:15:00+00:00,399.2899999999996,401.5499999999996,399.2699999999996,400.9699999999996,1016
2026-06-08T19:30:00+00:00,400.9699999999996,402.2899999999996,400.4699999999996,401.2299999999996,1267
2026-06-08T19:45:00+00:00,401.2299999999996,402.7199999999996,400.7599999999996,402.6499999999996,2131
2026-06-09T13:30:00+00:00,402.6499999999996,411.34999999999957,402.6499999999996,410.6299999999996,828
2026-06-09T13:45:00+00:00,410.6299999999996,413.5299999999996,403.9499999999996,404.5799999999996,1163
2026-06-09T14:00:00+00:00,404.5799999999996,405.0099999999996,400.3399999999996,400.6499999999996,1274
2026-06-09T14:15:00+00:00,400.6499999999996,401.2299999999996,397.7699999999996,399.0399999999996,1076
2026-06-09T14:30:00+00:00,399.0399999999996,399.2499999999996,394.6199999999996,394.6199999999996,908
2026-06-09T14:45:00+00:00,394.6199999999996,395.2799999999996,391.6899999999996,394.5899999999996,1207
2026-06-09T15:00:00+00:00,394.5899999999996,395.2999999999996,393.0599999999996,393.6799999999996,694
2026-06-09T15:15:00+00:00,393.6799999999996,393.7699999999996,385.4399999999996,385.6499999999996,1513
2026-06-09T15:30:00+00:00,385.6499999999996,389.1399999999996,385.1699999999996,388.5599999999996,955
2026-06-09T15:45:00+00:00,388.5599999999996,389.1199999999996,383.2999999999996,383.5699999999996,912
2026-06-09T16:00:00+00:00,383.5699999999996,384.6999999999996,380.3399999999996,381.6299999999996,972
2026-06-09T16:15:00+00:00,381.6299999999996,382.7699999999996,378.1299999999996,380.7599999999996,887
2026-06-09T16:30:00+00:00,380.7599999999996,381.6999999999996,376.2399999999996,378.7099999999996,740
2026-06-09T16:45:00+00:00,378.7099999999996,380.5299999999996,376.0599999999996,380.2399999999996,852
2026-06-09T17:00:00+00:00,380.2399999999996,385.9399999999996,380.1399999999996,385.2799999999996,796
2026-06-09T17:15:00+00:00,385.2799999999996,388.2099999999996,384.5699999999996,387.4899999999996,858
2026-06-09T17:30:00+00:00,387.4899999999996,390.9199999999996,386.7499999999996,389.9699999999996,987
2026-06-09T17:45:00+00:00,389.9699999999996,390.4999999999996,386.8199999999996,389.4999999999996,699
2026-06-09T18:00:00+00:00,389.4999999999996,391.5499999999996,388.6299999999996,391.15999999999957,848
2026-06-09T18:15:00+00:00,391.15999999999957,393.7599999999996,390.8999999999996,393.4699999999996,1298
2026-06-09T18:30:00+00:00,393.4699999999996,395.6799999999996,393.2799999999996,393.9299999999996,794
2026-06-09T18:45:00+00:00,393.9299999999996,397.8399999999996,393.9299999999996,397.3799999999996,788
2026-06-09T19:00:00+00:00,397.3799999999996,398.5799999999996,394.5499999999996,395.2499999999996,864
2026-06-09T19:15:00+00:00,395.2499999999996,396.5399999999996,392.7499999999996,395.9199999999996,1034
2026-06-09T19:30:00+00:00,395.9199999999996,396.9299999999996,393.3899999999996,394.9599999999996,1027
2026-06-09T19:45:00+00:00,394.9599999999996,398.4199999999996,393.3099999999996,397.7899999999996,1998
2026-06-10T13:30:00+00:00,397.7899999999996,397.7899999999996,381.1099999999996,384.3599999999996,1102
2026-06-10T13:45:00+00:00,384.3599999999996,386.2199999999996,378.1499999999996,378.4499999999996,2168
2026-06-10T14:00:00+00:00,378.4499999999996,381.84999999999957,377.8999999999996,379.8799999999996,1514
2026-06-10T14:15:00+00:00,379.8799999999996,384.3099999999996,379.4799999999996,382.6099999999996,1275
2026-06-10T14:30:00+00:00,382.6099999999996,384.4599999999996,380.6399999999996,382.4199999999996,1101
2026-06-10T14:45:00+00:00,382.4199999999996,383.0699999999996,379.40999999999957,380.1099999999996,1189.8908486338007
2026-06-10T15:00:00+00:00,380.1099999999996,381.5499999999996,377.5999999999996,377.62999999999965,1269
2026-06-10T15:15:00+00:00,377.62999999999965,381.75999999999965,376.83999999999963,380.08999999999963,1374
2026-06-10T15:30:00+00:00,380.08999999999963,382.00999999999965,379.27999999999963,381.5999999999996,654
2026-06-10T15:45:00+00:00,381.5999999999996,382.1899999999996,377.9999999999996,381.8099999999996,773
2026-06-10T16:00:00+00:00,381.8099999999996,382.06999999999965,378.39999999999964,378.6799999999996,784
2026-06-10T16:15:00+00:00,378.6799999999996,380.37999999999965,378.6099999999996,379.5399999999996,619
2026-06-10T16:30:00+00:00,379.5399999999996,381.2399999999996,378.9199999999996,379.77999999999963,773
2026-06-10T16:45:00+00:00,379.77999999999963,379.77999999999963,377.8699999999996,378.3499999999996,828
2026-06-10T17:00:00+00:00,378.3499999999996,379.25999999999965,377.39999999999964,378.58999999999963,742
2026-06-10T17:15:00+00:00,378.58999999999963,380.5999999999996,378.45999999999964,379.95999999999964,672
2026-06-10T17:30:00+00:00,379.95999999999964,380.4899999999996,379.58999999999963,379.9799999999996,744
2026-06-10T17:45:00+00:00,379.9799999999996,384.4099999999996,379.7899999999996,384.25999999999965,877
2026-06-10T18:00:00+00:00,384.25999999999965,385.1699999999996,383.58999999999963,384.3699999999996,784
2026-06-10T18:15:00+00:00,384.3699999999996,384.87999999999965,383.4099999999996,383.7899999999996,678
2026-06-10T18:30:00+00:00,383.7899999999996,383.8599999999996,381.58999999999963,381.9299999999996,754
2026-06-10T18:45:00+00:00,381.9299999999996,381.9299999999996,378.6899999999996,378.69999999999965,868
2026-06-10T19:00:00+00:00,378.69999999999965,379.9299999999996,377.8099999999996,378.13999999999965,935
2026-06-10T19:15:00+00:00,378.13999999999965,378.52999999999963,376.70999999999964,377.5999999999996,1209
2026-06-10T19:30:00+00:00,377.5999999999996,379.8099999999996,377.1599999999996,378.64999999999964,1312
2026-06-10T19:45:00+00:00,378.64999999999964,379.96999999999963,377.0999999999996,377.7499999999996,2730
2026-06-11T13:30:00+00:00,377.7499999999996,384.33999999999963,376.4799999999996,383.6599999999996,1067
2026-06-11T13:45:00+00:00,383.6599999999996,386.00999999999965,383.26999999999964,384.9299999999996,1456
2026-06-11T14:00:00+00:00,384.9299999999996,386.4999999999996,380.5499999999996,380.70999999999964,1350
2026-06-11T14:15:00+00:00,380.70999999999964,384.39999999999964,380.2499999999996,383.1899999999996,998
2026-06-11T14:30:00+00:00,383.1899999999996,384.1199999999996,381.8699999999996,381.9399999999996,814
2026-06-11T14:45:00+00:00,381.9399999999996,382.3099999999996,378.8099999999996,379.19999999999965,1225
2026-06-11T15:00:00+00:00,379.19999999999965,381.7299999999996,378.08999999999963,381.39999999999964,1114
2026-06-11T15:15:00+00:00,381.39999999999964,383.26999999999964,381.14999999999964,381.62999999999965,992
2026-06-11T15:30:00+00:00,381.62999999999965,383.25999999999965,381.1799999999996,381.4099999999996,816
2026-06-11T15:45:00+00:00,381.4099999999996,382.71999999999963,381.13999999999965,382.1199999999996,935
2026-06-11T16:00:00+00:00,382.1199999999996,384.64999999999964,381.87999999999965,384.3499999999996,1052
2026-06-11T16:15:00+00:00,384.3499999999996,385.4099999999996,383.12999999999965,383.12999999999965,983
2026-06-11T16:30:00+00:00,383.12999999999965,385.38999999999965,383.02999999999963,383.77999999999963,773
2026-06-11T16:45:00+00:00,383.77999999999963,383.9899999999996,381.71999999999963,381.71999999999963,839
2026-06-11T17:00:00+00:00,381.71999999999963,382.8699999999996,381.2999999999996,381.62999999999965,808
2026-06-11T17:15:00+00:00,381.62999999999965,387.12999999999965,380.1599999999996,387.12999999999965,1126
2026-06-11T17:30:00+00:00,387.12999999999965,390.06999999999965,386.08999999999963,388.89999999999964,673
2026-06-11T17:45:00+00:00,388.89999999999964,390.45999999999964,387.13999999999965,390.1699999999996,790
2026-06-11T18:00:00+00:00,390.1699999999996,391.13999999999965,386.62999999999965,389.4199999999996,643
2026-06-11T18:15:00+00:00,389.4199999999996,390.4999999999996,387.9899999999996,388.64999999999964,676
2026-06-11T18:30:00+00:00,388.64999999999964,389.4899999999996,388.44999999999965,389.1199999999996,680
2026-06-11T18:45:00+00:00,389.1199999999996,390.7499999999996,388.7399999999996,390.0499999999996,1091
2026-06-11T19:00:00+00:00,390.0499999999996,391.4099999999996,388.33999999999963,391.02999999999963,1235
2026-06-11T19:15:00+00:00,391.02999999999963,391.6699999999996,390.6899999999996,391.2999999999996,1176
2026-06-11T19:30:00+00:00,391.2999999999996,393.7899999999996,391.2499999999996,392.7999999999996,1663
2026-06-11T19:45:00+00:00,392.7999999999996,392.9799999999996,390.3499999999996,391.2399999999996,2690
2026-06-12T13:30:00+00:00,391.2399999999996,391.2399999999996,383.63999999999965,385.6099999999996,1361
2026-06-12T13:45:00+00:00,385.6099999999996,386.88999999999965,384.58999999999963,385.4999999999996,1780
2026-06-12T14:00:00+00:00,385.4999999999996,389.38999999999965,385.46999999999963,386.8599999999996,1130
2026-06-12T14:15:00+00:00,386.8599999999996,387.56999999999965,385.0399999999996,385.81999999999965,1134
2026-06-12T14:30:00+00:00,385.81999999999965,386.87999999999965,383.83999999999963,383.88999999999965,1150
2026-06-12T14:45:00+00:00,383.88999999999965,387.19999999999965,382.57999999999964,386.7999999999996,1312.598233273352
2026-06-12T15:00:00+00:00,386.7999999999996,388.6399999999996,385.77999999999963,388.3399999999996,1071
2026-06-12T15:15:00+00:00,388.3399999999996,390.2399999999996,388.21999999999963,389.0799999999996,1181
2026-06-12T15:30:00+00:00,389.0799999999996,389.2499999999996,385.6199999999996,385.8799999999996,1398
2026-06-12T15:45:00+00:00,385.8799999999996,387.1899999999996,383.2499999999996,383.7499999999996,2057
2026-06-12T16:00:00+00:00,383.7499999999996,386.7299999999996,383.3699999999996,386.1399999999996,1983
2026-06-12T16:15:00+00:00,386.1399999999996,387.1299999999996,385.2399999999996,385.9899999999996,1686
2026-06-12T16:30:00+00:00,385.9899999999996,387.3199999999996,385.4299999999996,385.8699999999996,1569
2026-06-12T16:45:00+00:00,385.8699999999996,387.3199999999996,385.7399999999996,387.1399999999996,1654
2026-06-12T17:00:00+00:00,387.1399999999996,387.9599999999996,385.8399999999996,386.4099999999996,1405
2026-06-12T17:15:00+00:00,386.4099999999996,388.71999999999963,386.3299999999996,387.2699999999996,1334
2026-06-12T17:30:00+00:00,387.2699999999996,387.4099999999996,385.9799999999996,386.6699999999996,1259
2026-06-12T17:45:00+00:00,386.6699999999996,387.6799999999996,386.1599999999996,386.7899999999996,1274
2026-06-12T18:00:00+00:00,386.7899999999996,387.4499999999996,385.8199999999996,386.0999999999996,1395
2026-06-12T18:15:00+00:00,386.0999999999996,386.3099999999996,385.21999999999963,385.7999999999996,1374
2026-06-12T18:30:00+00:00,385.7999999999996,387.3399999999996,385.7999999999996,387.1799999999996,1119
2026-06-12T18:45:00+00:00,387.1799999999996,387.5399999999996,386.27999999999963,386.3199999999996,1189
2026-06-12T19:00:00+00:00,386.3199999999996,387.3999999999996,386.27999999999963,386.6699999999996,1289
2026-06-12T19:15:00+00:00,386.6699999999996,387.6299999999996,385.8599999999996,386.8099999999996,1384
2026-06-12T19:30:00+00:00,386.8099999999996,387.8099999999996,386.2899999999996,386.5099999999996,1810
2026-06-12T19:45:00+00:00,386.5099999999996,388.0499999999996,385.7599999999996,387.6699999999996,2378
2026-06-15T13:30:00+00:00,387.6699999999996,401.2399999999996,387.6699999999996,398.8499999999996,1287
2026-06-15T13:45:00+00:00,398.8499999999996,401.3499999999996,396.1099999999996,396.1099999999996,1414
2026-06-15T14:00:00+00:00,396.1099999999996,397.8999999999996,395.1599999999996,397.2599999999996,1507
2026-06-15T14:15:00+00:00,397.2599999999996,397.9599999999996,394.7399999999996,396.21999999999963,1521
2026-06-15T14:30:00+00:00,396.21999999999963,396.6199999999996,394.8199999999996,395.3599999999996,1220
2026-06-15T14:45:00+00:00,395.3599999999996,396.0399999999996,394.3899999999996,394.3999999999996,1172
2026-06-15T15:00:00+00:00,394.3999999999996,397.6099999999996,394.3399999999996,397.5399999999996,1345
2026-06-15T15:15:00+00:00,397.5399999999996,398.3799999999996,396.8099999999996,398.0499999999996,1055
2026-06-15T15:30:00+00:00,398.0499999999996,399.52999999999963,397.2499999999996,398.3499999999996,1114
2026-06-15T15:45:00+00:00,398.3499999999996,399.5499999999996,397.7399999999996,399.2899999999996,932
2026-06-15T16:00:00+00:00,399.2899999999996,399.7999999999996,398.3299999999996,398.6799999999996,993
2026-06-15T16:15:00+00:00,398.6799999999996,399.1799999999996,398.5899999999996,398.71999999999963,759
2026-06-15T16:30:00+00:00,398.71999999999963,398.9899999999996,398.0199999999996,398.3499999999996,906
2026-06-15T16:45:00+00:00,398.3499999999996,398.71999999999963,397.0399999999996,398.4999999999996,900
2026-06-15T17:00:00+00:00,398.4999999999996,399.0599999999996,397.8899999999996,398.3199999999996,849
2026-06-15T17:15:00+00:00,398.3199999999996,398.9399999999996,398.1799999999996,398.7599999999996,767
2026-06-15T17:30:00+00:00,398.7599999999996,399.8199999999996,398.5899999999996,399.3799999999996,700
2026-06-15T17:45:00+00:00,399.3799999999996,400.0999999999996,399.2399999999996,399.9899999999996,848
2026-06-15T18:00:00+00:00,399.9899999999996,400.6799999999996,399.6399999999996,400.5199999999996,826
2026-06-15T18:15:00+00:00,400.5199999999996,400.7899999999996,399.27999999999963,399.2899999999996,956
2026-06-15T18:30:00+00:00,399.2899999999996,400.4099999999996,399.27999999999963,400.1499999999996,891
2026-06-15T18:45:00+00:00,400.1499999999996,400.3999999999996,399.5399999999996,399.5499999999996,923
2026-06-15T19:00:00+00:00,399.5499999999996,400.4099999999996,398.4999999999996,400.2899999999996,899
2026-06-15T19:15:00+00:00,400.2899999999996,401.0499999999996,399.7399999999996,399.7499999999996,950
2026-06-15T19:30:00+00:00,399.7499999999996,400.3899999999996,399.5899999999996,400.1199999999996,1029
2026-06-15T19:45:00+00:00,400.1199999999996,400.6799999999996,398.2399999999996,400.0099999999996,1805
2026-06-16T13:30:00+00:00,400.0099999999996,400.0099999999996,392.2599999999996,393.6899999999996,1062
2026-06-16T13:45:00+00:00,393.6899999999996,395.4299999999996,392.1299999999996,392.1399999999996,983
2026-06-16T14:00:00+00:00,392.1399999999996,392.71999999999963,390.5799999999996,390.6499999999996,1105
2026-06-16T14:15:00+00:00,390.6499999999996,390.7599999999996,386.9499999999996,388.0899999999996,1543
2026-06-16T14:30:00+00:00,388.0899999999996,389.7399999999996,386.7899999999996,389.1499999999996,1342
2026-06-16T14:45:00+00:00,389.1499999999996,390.0999999999996,387.4399999999996,388.2699999999996,1073
2026-06-16T15:00:00+00:00,388.2699999999996,390.3899999999996,387.8599999999996,389.3099999999996,908
2026-06-16T15:15:00+00:00,389.3099999999996,389.8399999999996,384.7499999999996,385.4499999999996,1524
2026-06-16T15:30:00+00:00,385.4499999999996,387.8199999999996,385.2499999999996,385.7999999999996,1181
2026-06-16T15:45:00+00:00,385.7999999999996,386.1099999999996,384.7599999999996,384.8099999999996,1760
2026-06-16T16:00:00+00:00,384.8099999999996,386.4199999999996,384.1499999999996,384.6499999999996,1203
2026-06-16T16:15:00+00:00,384.6499999999996,384.8999999999996,384.1399999999996,384.5699999999996,1060
2026-06-16T16:30:00+00:00,384.5699999999996,385.0699999999996,382.6399999999996,384.8599999999996,1367
2026-06-16T16:45:00+00:00,384.8599999999996,386.1499999999996,384.3099999999996,385.1699999999996,889
2026-06-16T17:00:00+00:00,385.1699999999996,386.1199999999996,384.7399999999996,385.5899999999996,867
2026-06-16T17:15:00+00:00,385.5899999999996,385.8799999999996,384.0399999999996,385.0499999999996,975
2026-06-16T17:30:00+00:00,385.0499999999996,385.1799999999996,383.8699999999996,384.4899999999996,864
2026-06-16T17:45:00+00:00,384.4899999999996,386.2899999999996,384.2699999999996,385.2399999999996,884
2026-06-16T18:00:00+00:00,385.2399999999996,386.7899999999996,385.2399999999996,386.2699999999996,906
2026-06-16T18:15:00+00:00,386.2699999999996,387.2499999999996,385.7399999999996,386.8499999999996,977
2026-06-16T18:30:00+00:00,386.8499999999996,387.2099999999996,386.3699999999996,386.9299999999996,803
2026-06-16T18:45:00+00:00,386.9299999999996,386.9999999999996,386.0399999999996,386.2299999999996,853
2026-06-16T19:00:00+00:00,386.2299999999996,387.2599999999996,384.96999999999963,385.4199999999996,1023
2026-06-16T19:15:00+00:00,385.4199999999996,385.8699999999996,384.3399999999996,385.3099999999996,1202
2026-06-16T19:30:00+00:00,385.3099999999996,385.6099999999996,384.2499999999996,385.3899999999996,1221
2026-06-16T19:45:00+00:00,385.3899999999996,385.52999999999963,382.2499999999996,382.4399999999996,2455
2026-06-17T13:30:00+00:00,382.4399999999996,397.7499999999996,382.4399999999996,397.7499999999996,3629
2026-06-17T13:45:00+00:00,397.7499999999996,399.1299999999996,393.8199999999996,395.9899999999996,4542
2026-06-17T14:00:00+00:00,395.9899999999996,399.9899999999996,395.9599999999996,398.8499999999996,4053
2026-06-17T14:15:00+00:00,398.8499999999996,404.4899999999996,398.7699999999996,403.0099999999996,4237
2026-06-17T14:30:00+00:00,403.0099999999996,403.1899999999996,399.9499999999996,401.1099999999996,3402
2026-06-17T14:45:00+00:00,401.1099999999996,401.9499999999996,398.5799999999996,399.1699999999996,3572.588580246914
2026-06-17T15:00:00+00:00,399.1699999999996,405.23999999999967,398.92999999999967,404.9199999999996,3077
2026-06-17T15:15:00+00:00,404.9199999999996,405.52999999999963,402.19999999999965,403.00999999999965,2932
2026-06-17T15:30:00+00:00,403.00999999999965,404.5499999999996,401.8499999999996,402.1599999999996,2180
2026-06-17T15:45:00+00:00,402.1599999999996,404.44999999999965,402.1599999999996,403.92999999999967,1772
2026-06-17T16:00:00+00:00,403.92999999999967,404.6099999999996,402.7999999999996,403.4799999999996,1484
2026-06-17T16:15:00+00:00,403.4799999999996,405.06999999999965,403.13999999999965,403.98999999999967,1389
2026-06-17T16:30:00+00:00,403.98999999999967,404.21999999999963,402.76999999999964,403.44999999999965,1393
2026-06-17T16:45:00+00:00,403.44999999999965,403.44999999999965,402.12999999999965,402.21999999999963,1328
2026-06-17T17:00:00+00:00,402.21999999999963,402.32999999999964,400.70999999999964,400.7899999999996,1502
2026-06-17T17:15:00+00:00,400.7899999999996,402.63999999999965,400.20999999999964,402.32999999999964,1325
2026-06-17T17:30:00+00:00,402.32999999999964,402.74999999999966,400.92999999999967,401.49999999999966,1216
2026-06-17T17:45:00+00:00,401.49999999999966,403.98999999999967,400.69999999999965,403.83999999999963,1427
2026-06-17T18:00:00+00:00,403.83999999999963,404.05999999999966,398.38999999999965,400.9099999999996,4762
2026-06-17T18:15:00+00:00,400.9099999999996,401.96999999999963,398.57999999999964,400.5399999999996,3391
2026-06-17T18:30:00+00:00,400.5399999999996,406.24999999999966,400.21999999999963,405.71999999999963,4615
2026-06-17T18:45:00+00:00,405.71999999999963,405.73999999999967,401.19999999999965,402.36999999999966,4061
2026-06-17T19:00:00+00:00,402.36999999999966,404.3499999999996,401.19999999999965,403.46999999999963,4146
2026-06-17T19:15:00+00:00,403.46999999999963,403.6099999999996,397.94999999999965,398.9099999999996,4157
2026-06-17T19:30:00+00:00,398.9099999999996,399.62999999999965,394.94999999999965,395.82999999999964,4851
2026-06-17T19:45:00+00:00,395.82999999999964,399.27999999999963,395.07999999999964,398.6699999999996,4517
2026-06-18T13:30:00+00:00,398.6699999999996,418.0399999999996,398.6699999999996,412.23999999999967,4901
2026-06-18T13:45:00+00:00,412.23999999999967,416.2899999999996,411.01999999999964,414.4199999999996,5431
2026-06-18T14:00:00+00:00,414.4199999999996,414.9799999999996,411.69999999999965,413.0399999999996,4618
2026-06-18T14:15:00+00:00,413.0399999999996,417.00999999999965,412.81999999999965,413.37999999999965,4476
2026-06-18T14:30:00+00:00,413.37999999999965,415.31999999999965,411.4199999999996,414.05999999999966,4145
2026-06-18T14:45:00+00:00,414.05999999999966,415.5999999999996,413.69999999999965,414.76999999999964,3454.618504055272
2026-06-18T15:00:00+00:00,414.76999999999964,416.54999999999967,414.0299999999997,415.51999999999964,3643
2026-06-18T15:15:00+00:00,415.51999999999964,417.04999999999967,413.88999999999965,414.13999999999965,3295
2026-06-18T15:30:00+00:00,414.13999999999965,415.44999999999965,411.8499999999997,412.31999999999965,3529
2026-06-18T15:45:00+00:00,412.31999999999965,413.75999999999965,411.89999999999964,413.4099999999997,3024
2026-06-18T16:00:00+00:00,413.4099999999997,415.08999999999963,413.4099999999997,414.64999999999964,3049
2026-06-18T16:15:00+00:00,414.64999999999964,415.3499999999997,413.9199999999997,413.98999999999967,2252
2026-06-18T16:30:00+00:00,413.98999999999967,414.4699999999997,412.68999999999966,413.4199999999997,2389
2026-06-18T16:45:00+00:00,413.4199999999997,414.38999999999965,412.98999999999967,413.32999999999964,2141
2026-06-18T17:00:00+00:00,413.32999999999964,413.38999999999965,412.49999999999966,412.8599999999997,1861
2026-06-18T17:15:00+00:00,412.8599999999997,413.7199999999997,412.13999999999965,412.69999999999965,1819
2026-06-18T17:30:00+00:00,412.69999999999965,414.29999999999967,412.43999999999966,413.6099999999997,1766
2026-06-18T17:45:00+00:00,413.6099999999997,414.05999999999966,413.1599999999997,413.7899999999997,1574
2026-06-18T18:00:00+00:00,413.7899999999997,413.98999999999967,412.83999999999963,412.99999999999966,1700
2026-06-18T18:15:00+00:00,412.99999999999966,413.31999999999965,412.1599999999997,412.80999999999966,1618
2026-06-18T18:30:00+00:00,412.80999999999966,413.33999999999963,412.2899999999997,412.56999999999965,1727
2026-06-18T18:45:00+00:00,412.56999999999965,413.9199999999997,412.54999999999967,413.6699999999997,1590
2026-06-18T19:00:00+00:00,413.6699999999997,414.67999999999967,412.9799999999997,413.55999999999966,2431
2026-06-18T19:15:00+00:00,413.55999999999966,414.9799999999997,413.32999999999964,414.67999999999967,2043
2026-06-18T19:30:00+00:00,414.67999999999967,416.56999999999965,414.18999999999966,416.4099999999997,2514
2026-06-18T19:45:00+00:00,416.4099999999997,418.1599999999997,415.20999999999964,416.30999999999966,3610
2026-06-22T13:30:00+00:00,416.30999999999966,419.73999999999967,406.48999999999967,406.50999999999965,1359
2026-06-22T13:45:00+00:00,406.50999999999965,409.0999999999997,404.58999999999963,406.17999999999967,1506
2026-06-22T14:00:00+00:00,406.17999999999967,406.5299999999997,404.01999999999964,404.87999999999965,1490
2026-06-22T14:15:00+00:00,404.87999999999965,405.89999999999964,402.36999999999966,402.50999999999965,1389
2026-06-22T14:30:00+00:00,402.50999999999965,402.80999999999966,399.8599999999997,399.87999999999965,1491
2026-06-22T14:45:00+00:00,399.87999999999965,401.2799999999997,398.2899999999997,400.2899999999997,1226
2026-06-22T15:00:00+00:00,400.2899999999997,401.6599999999997,399.88999999999965,400.23999999999967,1066
2026-06-22T15:15:00+00:00,400.23999999999967,400.81999999999965,399.75999999999965,400.1099999999997,988
2026-06-22T15:30:00+00:00,400.1099999999997,402.73999999999967,400.1099999999997,402.13999999999965,950
2026-06-22T15:45:00+00:00,402.13999999999965,402.93999999999966,400.7299999999997,402.0399999999997,887
2026-06-22T16:00:00+00:00,402.0399999999997,402.44999999999965,400.49999999999966,401.81999999999965,732
2026-06-22T16:15:00+00:00,401.81999999999965,403.17999999999967,401.2899999999997,402.51999999999964,803
2026-06-22T16:30:00+00:00,402.51999999999964,402.58999999999963,400.7899999999997,401.1099999999997,662
2026-06-22T16:45:00+00:00,401.1099999999997,403.04999999999967,400.89999999999964,402.7299999999997,714
2026-06-22T17:00:00+00:00,402.7299999999997,402.7899999999997,401.48999999999967,401.69999999999965,705
2026-06-22T17:15:00+00:00,401.69999999999965,402.3499999999997,401.61999999999966,402.05999999999966,664
2026-06-22T17:30:00+00:00,402.05999999999966,402.26999999999964,400.75999999999965,401.1099999999997,671
2026-06-22T17:45:00+00:00,401.1099999999997,401.9199999999997,400.86999999999966,401.25999999999965,688
2026-06-22T18:00:00+00:00,401.25999999999965,402.2299999999997,401.14999999999964,401.83999999999963,645
2026-06-22T18:15:00+00:00,401.83999999999963,402.81999999999965,401.7899999999997,402.26999999999964,716
2026-06-22T18:30:00+00:00,402.26999999999964,402.4799999999997,400.49999999999966,400.58999999999963,743
2026-06-22T18:45:00+00:00,400.58999999999963,401.51999999999964,400.14999999999964,400.19999999999965,905
2026-06-22T19:00:00+00:00,400.19999999999965,400.49999999999966,399.0399999999997,400.23999999999967,823
2026-06-22T19:15:00+00:00,400.23999999999967,400.81999999999965,399.98999999999967,400.05999999999966,891
2026-06-22T19:30:00+00:00,400.05999999999966,400.82999999999964,399.98999999999967,400.43999999999966,939
2026-06-22T19:45:00+00:00,400.43999999999966,401.37999999999965,397.2899999999997,398.1699999999997,2153
2026-06-23T13:30:00+00:00,398.1699999999997,398.1699999999997,382.64999999999964,388.64999999999964,1341
2026-06-23T13:45:00+00:00,388.64999999999964,395.05999999999966,388.31999999999965,394.55999999999966,1819
2026-06-23T14:00:00+00:00,394.55999999999966,396.44999999999965,393.4099999999997,394.88999999999965,1354
2026-06-23T14:15:00+00:00,394.88999999999965,395.4199999999997,391.18999999999966,392.31999999999965,1015
2026-06-23T14:30:00+00:00,392.31999999999965,392.3599999999997,389.83999999999963,389.8599999999997,1122
2026-06-23T14:45:00+00:00,389.8599999999997,390.00999999999965,387.13999999999965,387.9199999999997,1108
2026-06-23T15:00:00+00:00,387.9199999999997,388.1699999999997,385.26999999999964,385.83999999999963,1198
2026-06-23T15:15:00+00:00,385.83999999999963,386.1699999999997,384.62999999999965,384.94999999999965,1017
2026-06-23T15:30:00+00:00,384.94999999999965,386.30999999999966,384.74999999999966,385.50999999999965,988
2026-06-23T15:45:00+00:00,385.50999999999965,386.8599999999997,385.2899999999997,386.0999999999997,1039
2026-06-23T16:00:00+00:00,386.0999999999997,388.83999999999963,385.95999999999964,388.49999999999966,1184
2026-06-23T16:15:00+00:00,388.49999999999966,388.64999999999964,387.05999999999966,387.63999999999965,950
2026-06-23T16:30:00+00:00,387.63999999999965,389.1699999999997,387.0999999999997,388.89999999999964,845
2026-06-23T16:45:00+00:00,388.89999999999964,389.2799999999997,388.1099999999997,388.83999999999963,817
2026-06-23T17:00:00+00:00,388.83999999999963,390.56999999999965,388.32999999999964,390.06999999999965,818
2026-06-23T17:15:00+00:00,390.06999999999965,390.4099999999997,389.0399999999997,389.94999999999965,881
2026-06-23T17:30:00+00:00,389.94999999999965,390.32999999999964,388.7299999999997,388.75999999999965,770
2026-06-23T17:45:00+00:00,388.75999999999965,389.11999999999966,386.58999999999963,387.2299999999997,864
2026-06-23T18:00:00+00:00,387.2299999999997,388.39999999999964,386.9199999999997,387.69999999999965,801
2026-06-23T18:15:00+00:00,387.69999999999965,388.56999999999965,387.18999999999966,387.67999999999967,776
2026-06-23T18:30:00+00:00,387.67999999999967,387.93999999999966,385.9099999999997,385.92999999999967,894
2026-06-23T18:45:00+00:00,385.92999999999967,387.20999999999964,385.25999999999965,385.69999999999965,1184
2026-06-23T19:00:00+00:00,385.69999999999965,387.82999999999964,385.31999999999965,386.49999999999966,1039
2026-06-23T19:15:00+00:00,386.49999999999966,387.80999999999966,385.49999999999966,387.6599999999997,1025
2026-06-23T19:30:00+00:00,387.6599999999997,388.24999999999966,385.83999999999963,386.2299999999997,1347
2026-06-23T19:45:00+00:00,386.2299999999997,387.3499999999997,384.98999999999967,385.70999999999964,2598
2026-06-24T13:30:00+00:00,385.70999999999964,394.08999999999963,385.70999999999964,387.45999999999964,1201
2026-06-24T13:45:00+00:00,387.45999999999964,390.39999999999964,384.54999999999967,387.49999999999966,1557
2026-06-24T14:00:00+00:00,387.49999999999966,389.00999999999965,386.48999999999967,388.20999999999964,995
2026-06-24T14:15:00+00:00,388.20999999999964,388.76999999999964,384.74999999999966,387.50999999999965,1197
2026-06-24T14:30:00+00:00,387.50999999999965,389.9199999999997,387.49999999999966,388.98999999999967,1094
2026-06-24T14:45:00+00:00,388.98999999999967,390.4799999999997,388.48999999999967,390.3199999999997,1106.9166941060257
2026-06-24T15:00:00+00:00,390.3199999999997,391.7499999999997,390.16999999999973,391.19999999999976,1072
2026-06-24T15:15:00+00:00,391.19999999999976,391.4999999999997,388.4999999999997,391.0599999999997,941
2026-06-24T15:30:00+00:00,391.0599999999997,391.53999999999974,389.40999999999974,389.7999999999997,1159
2026-06-24T15:45:00+00:00,389.7999999999997,391.21999999999974,389.1799999999997,389.6899999999997,925
2026-06-24T16:00:00+00:00,389.6899999999997,391.63999999999976,388.96999999999974,391.1799999999997,909
2026-06-24T16:15:00+00:00,391.1799999999997,392.22999999999973,390.94999999999976,391.47999999999973,760
2026-06-24T16:30:00+00:00,391.47999999999973,391.52999999999975,388.77999999999975,389.50999999999976,1212
2026-06-24T16:45:00+00:00,389.50999999999976,390.1199999999997,388.96999999999974,388.97999999999973,1029
2026-06-24T17:00:00+00:00,388.97999999999973,390.44999999999976,388.16999999999973,388.60999999999973,1056
2026-06-24T17:15:00+00:00,388.60999999999973,389.00999999999976,385.97999999999973,386.14999999999975,1359
2026-06-24T17:30:00+00:00,386.14999999999975,386.6799999999997,385.26999999999975,385.6199999999997,1371
2026-06-24T17:45:00+00:00,385.6199999999997,386.69999999999976,385.1199999999997,385.16999999999973,1451
2026-06-24T18:00:00+00:00,385.16999999999973,386.6799999999997,384.9999999999997,385.51999999999975,1062
2026-06-24T18:15:00+00:00,385.51999999999975,387.6199999999997,385.50999999999976,386.94999999999976,1062
2026-06-24T18:30:00+00:00,386.94999999999976,387.27999999999975,385.5499999999997,385.7999999999997,1445
2026-06-24T18:45:00+00:00,385.7999999999997,385.8099999999997,382.89999999999975,383.66999999999973,1471
2026-06-24T19:00:00+00:00,383.66999999999973,384.8699999999997,382.4299999999997,383.2499999999997,1524
2026-06-24T19:15:00+00:00,383.2499999999997,384.19999999999976,382.63999999999976,383.7999999999997,1531
2026-06-24T19:30:00+00:00,383.7999999999997,384.8699999999997,383.51999999999975,383.97999999999973,1589
2026-06-24T19:45:00+00:00,383.97999999999973,387.82999999999976,382.88999999999976,387.41999999999973,2238
2026-06-25T13:30:00+00:00,387.41999999999973,393.3699999999997,386.96999999999974,387.25999999999976,1396
2026-06-25T13:45:00+00:00,387.25999999999976,388.47999999999973,378.14999999999975,378.4999999999997,1828
2026-06-25T14:00:00+00:00,378.4999999999997,386.58999999999975,378.28999999999974,383.9299999999997,1611
2026-06-25T14:15:00+00:00,383.9299999999997,385.70999999999975,382.66999999999973,383.82999999999976,1308
2026-06-25T14:30:00+00:00,383.82999999999976,386.2399999999997,383.1799999999997,385.20999999999975,1550
2026-06-25T14:45:00+00:00,385.20999999999975,390.0699999999997,384.78999999999974,387.8699999999997,1412
2026-06-25T15:00:00+00:00,387.8699999999997,388.6899999999997,384.46999999999974,384.7399999999997,1182
2026-06-25T15:15:00+00:00,384.7399999999997,386.9399999999997,383.3799999999997,386.2999999999997,960
2026-06-25T15:30:00+00:00,386.2999999999997,388.22999999999973,385.66999999999973,388.22999999999973,885
2026-06-25T15:45:00+00:00,388.22999999999973,388.9999999999997,387.32999999999976,388.1899999999997,806
2026-06-25T16:00:00+00:00,388.1899999999997,391.3099999999997,387.46999999999974,390.65999999999974,1181
2026-06-25T16:15:00+00:00,390.65999999999974,392.0499999999997,388.47999999999973,389.47999999999973,1062
2026-06-25T16:30:00+00:00,389.47999999999973,389.5499999999997,384.96999999999974,385.2399999999997,838
2026-06-25T16:45:00+00:00,385.2399999999997,386.3199999999997,384.27999999999975,385.71999999999974,817
2026-06-25T17:00:00+00:00,385.71999999999974,386.94999999999976,385.4899999999997,386.13999999999976,762
2026-06-25T17:15:00+00:00,386.13999999999976,387.03999999999974,384.76999999999975,385.5599999999997,889
2026-06-25T17:30:00+00:00,385.5599999999997,386.4299999999997,384.97999999999973,385.58999999999975,1096
2026-06-25T17:45:00+00:00,385.58999999999975,386.1899999999997,384.52999999999975,386.0599999999997,1120
2026-06-25T18:00:00+00:00,386.0599999999997,386.34999999999974,383.97999999999973,385.72999999999973,1021
2026-06-25T18:15:00+00:00,385.72999999999973,387.82999999999976,385.22999999999973,387.1899999999997,865
2026-06-25T18:30:00+00:00,387.1899999999997,387.19999999999976,384.28999999999974,385.40999999999974,884
2026-06-25T18:45:00+00:00,385.40999999999974,385.71999999999974,384.0699999999997,385.09999999999974,774
2026-06-25T19:00:00+00:00,385.09999999999974,385.40999999999974,383.47999999999973,383.82999999999976,927
2026-06-25T19:15:00+00:00,383.82999999999976,384.1799999999997,382.9999999999997,383.69999999999976,1188
2026-06-25T19:30:00+00:00,383.69999999999976,384.3099999999997,382.72999999999973,384.1899999999997,1304
2026-06-25T19:45:00+00:00,384.1899999999997,384.8699999999997,382.0699999999997,384.6299999999997,1941
2026-06-26T13:30:00+00:00,384.6299999999997,384.6299999999997,371.1199999999997,372.72999999999973,1524
2026-06-26T13:45:00+00:00,372.72999999999973,374.69999999999976,370.8699999999997,374.0499999999997,1761
2026-06-26T14:00:00+00:00,374.0499999999997,376.16999999999973,373.5699999999997,375.65999999999974,1294
2026-06-26T14:15:00+00:00,375.65999999999974,376.5599999999997,373.66999999999973,374.16999999999973,1175
2026-06-26T14:30:00+00:00,374.16999999999973,374.3099999999997,370.77999999999975,371.4999999999997,1739
2026-06-26T14:45:00+00:00,371.4999999999997,372.90999999999974,371.4399999999997,371.6299999999997,1460.6293948996529
2026-06-26T15:00:00+00:00,371.6299999999997,373.48999999999967,371.11999999999966,371.4399999999997,1186
2026-06-26T15:15:00+00:00,371.4399999999997,375.2299999999997,370.9499999999997,375.0299999999997,1332
2026-06-26T15:30:00+00:00,375.0299999999997,378.9999999999997,374.8099999999997,378.8099999999997,1275
2026-06-26T15:45:00+00:00,378.8099999999997,379.0799999999997,375.7299999999997,376.0599999999997,1089
2026-06-26T16:00:00+00:00,376.0599999999997,377.5199999999997,374.9599999999997,377.3799999999997,859
2026-06-26T16:15:00+00:00,377.3799999999997,378.4599999999997,375.92999999999967,376.4399999999997,836
2026-06-26T16:30:00+00:00,376.4399999999997,378.3499999999997,376.3799999999997,378.0099999999997,875
2026-06-26T16:45:00+00:00,378.0099999999997,378.4499999999997,376.7299999999997,376.8599999999997,915
2026-06-26T17:00:00+00:00,376.8599999999997,378.9599999999997,376.73999999999967,377.6599999999997,742
2026-06-26T17:15:00+00:00,377.6599999999997,378.0799999999997,376.3099999999997,377.7099999999997,739
2026-06-26T17:30:00+00:00,377.7099999999997,378.5599999999997,376.1499999999997,376.9699999999997,753
2026-06-26T17:45:00+00:00,376.9699999999997,377.3299999999997,375.7699999999997,376.0199999999997,812
2026-06-26T18:00:00+00:00,376.0199999999997,376.5799999999997,375.5699999999997,376.0699999999997,898
2026-06-26T18:15:00+00:00,376.0699999999997,376.0699999999997,374.1699999999997,374.5699999999997,1044
2026-06-26T18:30:00+00:00,374.5699999999997,375.3899999999997,373.9599999999997,374.1999999999997,958
2026-06-26T18:45:00+00:00,374.1999999999997,374.1999999999997,372.2499999999997,372.4799999999997,1171
2026-06-26T19:00:00+00:00,372.4799999999997,373.6299999999997,372.2499999999997,373.3399999999997,1366
2026-06-26T19:15:00+00:00,373.3399999999997,373.6099999999997,372.7699999999997,373.1299999999997,1264
2026-06-26T19:30:00+00:00,373.1299999999997,375.9999999999997,372.3399999999997,375.8399999999997,1360
2026-06-26T19:45:00+00:00,375.8399999999997,376.8099999999997,369.29999999999967,369.7899999999997,2183
2026-06-29T13:30:00+00:00,369.7899999999997,380.5999999999997,369.7899999999997,377.9799999999997,1631
2026-06-29T13:45:00+00:00,377.9799999999997,379.29999999999967,374.3199999999997,374.8499999999997,2285
2026-06-29T14:00:00+00:00,374.8499999999997,375.3599999999997,366.9499999999997,367.0199999999997,3031
2026-06-29T14:15:00+00:00,367.0199999999997,372.9599999999997,365.98999999999967,372.7099999999997,2864
2026-06-29T14:30:00+00:00,372.7099999999997,375.1499999999997,372.6999999999997,374.3899999999997,2738
2026-06-29T14:45:00+00:00,374.3899999999997,376.2499999999997,372.61999999999966,376.2499999999997,2463
2026-06-29T15:00:00+00:00,376.2499999999997,376.2599999999997,373.8799999999997,375.8599999999997,2032
2026-06-29T15:15:00+00:00,375.8599999999997,376.2899999999997,374.1499999999997,376.1499999999997,1928
2026-06-29T15:30:00+00:00,376.1499999999997,376.6599999999997,375.1599999999997,376.0399999999997,1996
2026-06-29T15:45:00+00:00,376.0399999999997,376.8999999999997,375.4199999999997,376.79999999999967,1836
2026-06-29T16:00:00+00:00,376.79999999999967,377.11999999999966,375.6999999999997,375.79999999999967,1662
2026-06-29T16:15:00+00:00,375.79999999999967,376.86999999999966,375.6999999999997,375.7599999999997,1319
2026-06-29T16:30:00+00:00,375.7599999999997,376.17999999999967,375.3999999999997,375.73999999999967,1051
2026-06-29T16:45:00+00:00,375.73999999999967,376.7199999999997,375.3999999999997,376.3899999999997,1318
2026-06-29T17:00:00+00:00,376.3899999999997,379.8199999999997,376.3899999999997,379.6299999999997,1233
2026-06-29T17:15:00+00:00,379.6299999999997,380.79999999999967,378.86999999999966,380.79999999999967,1256
2026-06-29T17:30:00+00:00,380.79999999999967,381.61999999999966,379.5999999999997,381.1099999999997,1105
2026-06-29T17:45:00+00:00,381.1099999999997,381.2299999999997,380.04999999999967,380.3099999999997,849
2026-06-29T18:00:00+00:00,380.3099999999997,380.7299999999997,379.8799999999997,380.0199999999997,950
2026-06-29T18:15:00+00:00,380.0199999999997,380.5199999999997,379.5199999999997,379.6899999999997,793
2026-06-29T18:30:00+00:00,379.6899999999997,381.2499999999997,379.5799999999997,381.0299999999997,896
2026-06-29T18:45:00+00:00,381.0299999999997,381.5299999999997,379.5199999999997,379.8399999999997,925
2026-06-29T19:00:00+00:00,379.8399999999997,379.92999999999967,378.0199999999997,378.1299999999997,983
2026-06-29T19:15:00+00:00,378.1299999999997,379.6999999999997,377.5599999999997,379.5199999999997,1043
2026-06-29T19:30:00+00:00,379.5199999999997,379.67999999999967,378.5599999999997,378.9599999999997,1009
2026-06-29T19:45:00+00:00,378.9599999999997,379.3299999999997,376.8999999999997,377.86999999999966,2562
2026-06-30T13:30:00+00:00,377.86999999999966,383.29999999999967,376.0199999999997,382.7799999999997,1259
2026-06-30T13:45:00+00:00,382.7799999999997,383.4099999999997,380.0299999999997,381.8899999999997,1570
2026-06-30T14:00:00+00:00,381.8899999999997,383.8499999999997,379.4399999999997,382.2899999999997,2193
2026-06-30T14:15:00+00:00,382.2899999999997,384.0699999999997,380.6299999999997,383.23999999999967,1663
2026-06-30T14:30:00+00:00,383.23999999999967,384.11999999999966,381.3499999999997,382.73999999999967,1540
2026-06-30T14:45:00+00:00,382.73999999999967,382.73999999999967,379.61999999999966,380.1299999999997,1647
2026-06-30T15:00:00+00:00,380.1299999999997,380.9199999999997,379.6299999999997,380.6399999999997,1421
2026-06-30T15:15:00+00:00,380.6399999999997,380.79999999999967,379.1999999999997,380.1299999999997,1343
2026-06-30T15:30:00+00:00,380.1299999999997,380.7799999999997,379.6399999999997,380.6299999999997,1255
2026-06-30T15:45:00+00:00,380.6299999999997,382.6399999999997,380.23999999999967,381.7699999999997,1228
2026-06-30T16:00:00+00:00,381.7699999999997,382.5599999999997,380.8599999999997,382.0699999999997,895
2026-06-30T16:15:00+00:00,382.0699999999997,382.3599999999997,380.7199999999997,380.7499999999997,906
2026-06-30T16:30:00+00:00,380.7499999999997,380.8299999999997,379.5299999999997,380.5899999999997,848
2026-06-30T16:45:00+00:00,380.5899999999997,381.7299999999997,380.5199999999997,380.8899999999997,724
2026-06-30T17:00:00+00:00,380.8899999999997,381.2699999999997,380.0599999999997,380.3199999999997,759
2026-06-30T17:15:00+00:00,380.3199999999997,380.5899999999997,379.8299999999997,380.0599999999997,675
2026-06-30T17:30:00+00:00,380.0599999999997,382.5899999999997,379.7299999999997,381.9599999999997,1023
2026-06-30T17:45:00+00:00,381.9599999999997,381.9999999999997,380.6899999999997,381.36999999999966,709
2026-06-30T18:00:00+00:00,381.36999999999966,381.6099999999997,380.5999999999997,381.2599999999997,849
2026-06-30T18:15:00+00:00,381.2599999999997,383.2599999999997,381.23999999999967,382.42999999999967,940
2026-06-30T18:30:00+00:00,382.42999999999967,383.7699999999997,382.3599999999997,383.7699999999997,934
2026-06-30T18:45:00+00:00,383.7699999999997,384.3399999999997,383.29999999999967,383.7899999999997,715
2026-06-30T19:00:00+00:00,383.7899999999997,385.0799999999997,383.5299999999997,384.3599999999997,807
2026-06-30T19:15:00+00:00,384.3599999999997,384.5199999999997,383.4199999999997,384.0099999999997,909
2026-06-30T19:30:00+00:00,384.0099999999997,384.6399999999997,383.2199999999997,384.4999999999997,1251
2026-06-30T19:45:00+00:00,384.4999999999997,384.8099999999997,382.5799999999997,382.9399999999997,2853
2026-07-01T13:30:00+00:00,382.9399999999997,382.9399999999997,374.0699999999997,375.0299999999997,1598
2026-07-01T13:45:00+00:00,375.0299999999997,377.7499999999997,375.0299999999997,377.1899999999997,1520
2026-07-01T14:00:00+00:00,377.1899999999997,379.2299999999997,376.6299999999997,378.1999999999997,942
2026-07-01T14:15:00+00:00,378.1999999999997,378.7699999999997,376.6599999999997,377.3299999999997,1025
2026-07-01T14:30:00+00:00,377.3299999999997,377.6499999999997,375.61999999999966,375.8899999999997,1092
2026-07-01T14:45:00+00:00,375.8899999999997,375.9999999999997,374.0199999999997,375.9999999999997,1497.6074849237318
2026-07-01T15:00:00+00:00,375.9999999999997,377.9999999999997,375.47999999999973,376.8399999999997,1137
2026-07-01T15:15:00+00:00,376.8399999999997,378.1199999999997,376.6799999999997,377.6899999999997,1066
2026-07-01T15:30:00+00:00,377.6899999999997,378.4499999999997,377.21999999999974,377.5299999999997,1085
2026-07-01T15:45:00+00:00,377.5299999999997,377.53999999999974,375.84999999999974,376.3399999999997,1049
2026-07-01T16:00:00+00:00,376.3399999999997,376.7699999999997,374.91999999999973,375.0699999999997,1196
2026-07-01T16:15:00+00:00,375.0699999999997,375.3799999999997,374.0199999999997,374.0799999999997,1193
2026-07-01T16:30:00+00:00,374.0799999999997,374.66999999999973,373.6999999999997,374.3099999999997,1077
2026-07-01T16:45:00+00:00,374.3099999999997,374.9999999999997,373.8299999999997,374.1399999999997,1030
2026-07-01T17:00:00+00:00,374.1399999999997,375.8299999999997,373.71999999999974,375.3799999999997,1231
2026-07-01T17:15:00+00:00,375.3799999999997,375.84999999999974,374.65999999999974,374.9399999999997,1081
2026-07-01T17:30:00+00:00,374.9399999999997,375.6899999999997,374.3799999999997,375.1199999999997,930
2026-07-01T17:45:00+00:00,375.1199999999997,375.9999999999997,374.85999999999973,375.0499999999997,1248
2026-07-01T18:00:00+00:00,375.0499999999997,376.1199999999997,374.8899999999997,375.16999999999973,1072
2026-07-01T18:15:00+00:00,375.16999999999973,376.28999999999974,374.85999999999973,375.8699999999997,1085
2026-07-01T18:30:00+00:00,375.8699999999997,376.5699999999997,375.2799999999997,375.6399999999997,975
2026-07-01T18:45:00+00:00,375.6399999999997,375.8099999999997,374.6199999999997,375.7999999999997,1042
2026-07-01T19:00:00+00:00,375.7999999999997,378.1899999999997,375.6199999999997,377.2599999999997,1290
2026-07-01T19:15:00+00:00,377.2599999999997,377.7099999999997,376.6899999999997,377.1199999999997,1226
2026-07-01T19:30:00+00:00,377.1199999999997,377.8799999999997,376.4299999999997,376.6899999999997,1676
2026-07-01T19:45:00+00:00,376.6899999999997,377.4399999999997,374.5599999999997,374.8999999999997,2149
2026-07-02T13:30:00+00:00,374.8999999999997,376.8699999999997,369.7099999999997,375.3799999999997,925
2026-07-02T13:45:00+00:00,375.3799999999997,377.6199999999997,374.6899999999997,376.60999999999973,1052
2026-07-02T14:00:00+00:00,376.60999999999973,379.6199999999997,376.2999999999997,378.66999999999973,1384
2026-07-02T14:15:00+00:00,378.66999999999973,378.78999999999974,373.7799999999997,374.7499999999997,1623
2026-07-02T14:30:00+00:00,374.7499999999997,376.40999999999974,371.4499999999997,372.4599999999997,2018
2026-07-02T14:45:00+00:00,372.4599999999997,374.2399999999997,372.0299999999997,373.82999999999976,2287.7999675535366
2026-07-02T15:00:00+00:00,373.82999999999976,374.01999999999975,370.4699999999998,370.8099999999998,2141
2026-07-02T15:15:00+00:00,370.8099999999998,371.2799999999998,368.37999999999977,370.32999999999976,2528
2026-07-02T15:30:00+00:00,370.32999999999976,372.3099999999998,370.1699999999998,370.3099999999998,1890
2026-07-02T15:45:00+00:00,370.3099999999998,371.06999999999977,369.1499999999998,370.0899999999998,1592
2026-07-02T16:00:00+00:00,370.0899999999998,370.2799999999998,367.93999999999977,368.8999999999998,1447
2026-07-02T16:15:00+00:00,368.8999999999998,368.93999999999977,365.37999999999977,365.63999999999976,1448
2026-07-02T16:30:00+00:00,365.63999999999976,365.9099999999998,364.2999999999998,365.6199999999998,2083
2026-07-02T16:45:00+00:00,365.6199999999998,366.1599999999998,364.0599999999998,364.62999999999977,1543
2026-07-02T17:00:00+00:00,364.62999999999977,365.13999999999976,363.4799999999998,364.0499999999998,1594
2026-07-02T17:15:00+00:00,364.0499999999998,365.12999999999977,363.50999999999976,364.6499999999998,1348
2026-07-02T17:30:00+00:00,364.6499999999998,366.2299999999998,364.37999999999977,365.3399999999998,1519
2026-07-02T17:45:00+00:00,365.3399999999998,365.4699999999998,363.76999999999975,364.1699999999998,1245
2026-07-02T18:00:00+00:00,364.1699999999998,367.0399999999998,364.06999999999977,366.32999999999976,1510
2026-07-02T18:15:00+00:00,366.32999999999976,366.4899999999998,364.6699999999998,366.06999999999977,1397
2026-07-02T18:30:00+00:00,366.06999999999977,366.50999999999976,364.56999999999977,364.5899999999998,1102
2026-07-02T18:45:00+00:00,364.5899999999998,365.5399999999998,363.7999999999998,364.9199999999998,1214
2026-07-02T19:00:00+00:00,364.9199999999998,365.0599999999998,362.2199999999998,363.43999999999977,1532
2026-07-02T19:15:00+00:00,363.43999999999977,364.5299999999998,362.06999999999977,364.3599999999998,1951
2026-07-02T19:30:00+00:00,364.3599999999998,365.5599999999998,363.8099999999998,364.4699999999998,1867
2026-07-02T19:45:00+00:00,364.4699999999998,366.88999999999976,364.19999999999976,366.00999999999976,2407
2026-07-06T13:30:00+00:00,366.00999999999976,388.62999999999977,366.00999999999976,386.1199999999998,1795
2026-07-06T13:45:00+00:00,386.1199999999998,387.5399999999998,383.75999999999976,386.18999999999977,1667
2026-07-06T14:00:00+00:00,386.18999999999977,386.69999999999976,384.75999999999976,386.1699999999998,1943
2026-07-06T14:15:00+00:00,386.1699999999998,386.26999999999975,384.4699999999998,384.8399999999998,1428
2026-07-06T14:30:00+00:00,384.8399999999998,385.31999999999977,382.7499999999998,383.4699999999998,1729
2026-07-06T14:45:00+00:00,383.4699999999998,383.9899999999998,380.19999999999976,380.9099999999998,1455
2026-07-06T15:00:00+00:00,380.9099999999998,381.7399999999998,379.2199999999998,379.4799999999998,1400
2026-07-06T15:15:00+00:00,379.4799999999998,379.9299999999998,378.6099999999998,379.8099999999998,1234
2026-07-06T15:30:00+00:00,379.8099999999998,380.0999999999998,378.88999999999976,379.4699999999998,950
2026-07-06T15:45:00+00:00,379.4699999999998,380.57999999999976,379.44999999999976,379.8399999999998,1254
2026-07-06T16:00:00+00:00,379.8399999999998,381.7999999999998,379.4899999999998,381.18999999999977,898
2026-07-06T16:15:00+00:00,381.18999999999977,381.4699999999998,380.2399999999998,380.69999999999976,811
2026-07-06T16:30:00+00:00,380.69999999999976,382.0599999999998,380.2799999999998,381.2899999999998,874
2026-07-06T16:45:00+00:00,381.2899999999998,382.0899999999998,380.76999999999975,381.2499999999998,935
2026-07-06T17:00:00+00:00,381.2499999999998,382.7099999999998,381.2299999999998,381.9599999999998,962
2026-07-06T17:15:00+00:00,381.9599999999998,382.6599999999998,381.1799999999998,381.3099999999998,908
2026-07-06T17:30:00+00:00,381.3099999999998,381.5599999999998,379.38999999999976,380.1199999999998,1031
2026-07-06T17:45:00+00:00,380.1199999999998,382.0399999999998,379.7899999999998,381.2199999999998,889
2026-07-06T18:00:00+00:00,381.2199999999998,382.2299999999998,380.3999999999998,381.94999999999976,929
2026-07-06T18:15:00+00:00,381.94999999999976,382.8599999999998,381.0599999999998,381.2799999999998,742
2026-07-06T18:30:00+00:00,381.2799999999998,381.3099999999998,380.1699999999998,380.9899999999998,711
2026-07-06T18:45:00+00:00,380.9899999999998,382.0599999999998,380.5499999999998,382.0599999999998,659
2026-07-06T19:00:00+00:00,382.0599999999998,382.51999999999975,381.5499999999998,381.5499999999998,1108
2026-07-06T19:15:00+00:00,381.5499999999998,382.9199999999998,381.5499999999998,382.43999999999977,976
2026-07-06T19:30:00+00:00,382.43999999999977,382.5499999999998,381.3499999999998,382.18999999999977,1222
2026-07-06T19:45:00+00:00,382.18999999999977,382.6499999999998,379.0899999999998,379.69999999999976,2430
2026-07-07T13:30:00+00:00,379.69999999999976,379.69999999999976,370.9799999999998,373.7299999999998,3295
2026-07-07T13:45:00+00:00,373.7299999999998,374.13999999999976,370.68999999999977,371.69999999999976,1495
2026-07-07T14:00:00+00:00,371.69999999999976,373.4299999999998,369.9299999999998,369.94999999999976,1251
2026-07-07T14:15:00+00:00,369.94999999999976,370.9899999999998,368.9899999999998,369.5999999999998,2703
2026-07-07T14:30:00+00:00,369.5999999999998,371.3399999999998,367.6799999999998,367.7899999999998,3948
2026-07-07T14:45:00+00:00,367.7899999999998,370.5999999999998,367.7399999999998,369.4199999999998,3399
2026-07-07T15:00:00+00:00,369.4199999999998,370.8099999999998,368.6199999999998,370.2199999999998,2510
2026-07-07T15:15:00+00:00,370.2199999999998,370.38999999999976,368.4299999999998,370.00999999999976,2979
2026-07-07T15:30:00+00:00,370.00999999999976,370.76999999999975,369.4699999999998,370.6699999999998,2824
2026-07-07T15:45:00+00:00,370.6699999999998,373.5999999999998,370.62999999999977,373.5499999999998,2609
2026-07-07T16:00:00+00:00,373.5499999999998,376.2999999999998,373.4199999999998,375.3599999999998,2737
2026-07-07T16:15:00+00:00,375.3599999999998,377.0499999999998,375.12999999999977,376.5399999999998,2453
2026-07-07T16:30:00+00:00,376.5399999999998,377.2399999999998,375.56999999999977,377.2099999999998,2719
2026-07-07T16:45:00+00:00,377.2099999999998,377.56999999999977,375.6799999999998,376.4299999999998,1768
2026-07-07T17:00:00+00:00,376.4299999999998,377.7399999999998,376.13999999999976,376.57999999999976,1853
2026-07-07T17:15:00+00:00,376.57999999999976,377.62999999999977,376.26999999999975,376.8099999999998,1786
2026-07-07T17:30:00+00:00,376.8099999999998,378.5499999999998,376.7499999999998,377.9799999999998,1574
2026-07-07T17:45:00+00:00,377.9799999999998,378.0299999999998,377.1199999999998,377.93999999999977,1158
2026-07-07T18:00:00+00:00,377.93999999999977,378.1499999999998,376.87999999999977,377.4199999999998,1560
2026-07-07T18:15:00+00:00,377.4199999999998,377.5499999999998,376.1099999999998,376.12999999999977,1342
2026-07-07T18:30:00+00:00,376.12999999999977,376.7099999999998,375.2499999999998,375.7399999999998,1406
2026-07-07T18:45:00+00:00,375.7399999999998,376.1499999999998,373.4299999999998,373.6599999999998,2268
2026-07-07T19:00:00+00:00,373.6599999999998,375.3599999999998,373.18999999999977,374.2299999999998,2819
2026-07-07T19:15:00+00:00,374.2299999999998,374.2399999999998,372.19999999999976,373.81999999999977,3160
2026-07-07T19:30:00+00:00,373.81999999999977,375.8999999999998,373.6799999999998,374.2099999999998,3386
2026-07-07T19:45:00+00:00,374.2099999999998,376.50999999999976,373.8599999999998,376.26999999999975,3233
2026-07-08T13:30:00+00:00,376.26999999999975,387.56999999999977,376.26999999999975,387.1099999999998,2338
2026-07-08T13:45:00+00:00,387.1099999999998,391.9599999999998,386.18999999999977,390.68999999999977,4174
2026-07-08T14:00:00+00:00,390.68999999999977,393.25999999999976,390.00999999999976,393.18999999999977,4357
2026-07-08T14:15:00+00:00,393.18999999999977,394.69999999999976,390.94999999999976,392.32999999999976,3730
2026-07-08T14:30:00+00:00,392.32999999999976,394.8399999999998,391.07999999999976,394.7199999999998,3234
2026-07-08T14:45:00+00:00,394.7199999999998,395.9299999999998,390.1799999999998,394.1199999999997,3757.4734982332157
2026-07-08T15:00:00+00:00,394.1199999999997,395.60999999999973,392.09999999999974,392.16999999999973,2543
2026-07-08T15:15:00+00:00,392.16999999999973,392.91999999999973,390.02999999999975,391.0499999999997,3082
2026-07-08T15:30:00+00:00,391.0499999999997,392.13999999999976,390.64999999999975,391.2399999999997,2165
2026-07-08T15:45:00+00:00,391.2399999999997,391.75999999999976,388.7499999999997,391.21999999999974,2416
2026-07-08T16:00:00+00:00,391.21999999999974,394.4299999999997,390.64999999999975,394.07999999999976,2389
2026-07-08T16:15:00+00:00,394.07999999999976,399.16999999999973,392.94999999999976,397.93999999999977,3144
2026-07-08T16:30:00+00:00,397.93999999999977,399.66999999999973,396.2499999999997,398.13999999999976,2753
2026-07-08T16:45:00+00:00,398.13999999999976,400.60999999999973,397.64999999999975,400.4299999999997,2376
2026-07-08T17:00:00+00:00,400.4299999999997,400.53999999999974,398.18999999999977,398.25999999999976,1862
2026-07-08T17:15:00+00:00,398.25999999999976,399.15999999999974,397.64999999999975,398.03999999999974,1819
2026-07-08T17:30:00+00:00,398.03999999999974,398.9899999999997,396.09999999999974,396.6799999999997,1866
2026-07-08T17:45:00+00:00,396.6799999999997,396.6799999999997,394.14999999999975,394.95999999999975,1821
2026-07-08T18:00:00+00:00,394.95999999999975,396.13999999999976,394.53999999999974,395.4999999999997,1796
2026-07-08T18:15:00+00:00,395.4999999999997,395.78999999999974,394.66999999999973,394.68999999999977,1606
2026-07-08T18:30:00+00:00,394.68999999999977,395.51999999999975,394.19999999999976,394.8699999999997,1622
2026-07-08T18:45:00+00:00,394.8699999999997,395.7399999999997,394.44999999999976,395.40999999999974,1731
2026-07-08T19:00:00+00:00,395.40999999999974,396.41999999999973,394.95999999999975,396.15999999999974,1732
2026-07-08T19:15:00+00:00,396.15999999999974,398.2499999999997,395.88999999999976,397.97999999999973,1587
2026-07-08T19:30:00+00:00,397.97999999999973,398.02999999999975,394.7999999999997,395.95999999999975,2431
2026-07-08T19:45:00+00:00,395.95999999999975,396.28999999999974,393.9299999999997,394.10999999999973,3439
2026-07-09T13:30:00+00:00,394.10999999999973,409.2499999999997,394.10999999999973,402.9899999999997,3012
2026-07-09T13:45:00+00:00,402.9899999999997,404.2399999999997,398.94999999999976,399.2999999999997,2709
2026-07-09T14:00:00+00:00,399.2999999999997,401.1799999999997,396.2499999999997,397.4899999999997,3206
2026-07-09T14:15:00+00:00,397.4899999999997,397.94999999999976,393.56999999999977,397.7999999999997,3693
2026-07-09T14:30:00+00:00,397.7999999999997,400.16999999999973,396.52999999999975,399.06999999999977,2270
2026-07-09T14:45:00+00:00,399.06999999999977,400.6199999999997,398.64999999999975,399.65999999999974,2316
2026-07-09T15:00:00+00:00,399.65999999999974,403.77999999999975,398.65999999999974,403.15999999999974,2246
2026-07-09T15:15:00+00:00,403.15999999999974,405.85999999999973,402.7499999999997,405.27999999999975,2257
2026-07-09T15:30:00+00:00,405.27999999999975,407.53999999999974,404.91999999999973,406.9999999999997,2127
2026-07-09T15:45:00+00:00,406.9999999999997,407.26999999999975,405.31999999999977,406.00999999999976,1553
2026-07-09T16:00:00+00:00,406.00999999999976,406.9999999999997,405.9899999999997,406.91999999999973,1589
2026-07-09T16:15:00+00:00,406.91999999999973,407.26999999999975,405.66999999999973,406.78999999999974,1544
2026-07-09T16:30:00+00:00,406.78999999999974,408.8099999999997,405.90999999999974,408.6199999999997,1475
2026-07-09T16:45:00+00:00,408.6199999999997,409.06999999999977,407.84999999999974,408.16999999999973,1517
2026-07-09T17:00:00+00:00,408.16999999999973,409.4899999999997,407.81999999999977,409.40999999999974,1532
2026-07-09T17:15:00+00:00,409.40999999999974,410.91999999999973,408.84999999999974,410.81999999999977,1886
2026-07-09T17:30:00+00:00,410.81999999999977,411.33999999999975,409.88999999999976,411.2399999999997,1647
2026-07-09T17:45:00+00:00,411.2399999999997,413.15999999999974,410.4999999999997,411.16999999999973,1748
2026-07-09T18:00:00+00:00,411.16999999999973,411.94999999999976,410.5499999999997,410.57999999999976,1598
2026-07-09T18:15:00+00:00,410.57999999999976,410.94999999999976,409.26999999999975,410.65999999999974,1516
2026-07-09T18:30:00+00:00,410.65999999999974,411.31999999999977,410.46999999999974,411.13999999999976,1353
2026-07-09T18:45:00+00:00,411.13999999999976,412.01999999999975,409.9999999999997,410.20999999999975,1663
2026-07-09T19:00:00+00:00,410.20999999999975,410.34999999999974,407.95999999999975,408.34999999999974,1697
2026-07-09T19:15:00+00:00,408.34999999999974,409.25999999999976,407.64999999999975,407.65999999999974,1536
2026-07-09T19:30:00+00:00,407.65999999999974,407.87999999999977,406.19999999999976,407.43999999999977,1984
2026-07-09T19:45:00+00:00,407.43999999999977,407.57999999999976,405.14999999999975,406.71999999999974,2331
2026-07-10T13:30:00+00:00,406.71999999999974,406.71999999999974,401.20999999999975,404.13999999999976,702
2026-07-10T13:45:00+00:00,404.13999999999976,407.90999999999974,403.95999999999975,404.96999999999974,587
2026-07-10T14:00:00+00:00,404.96999999999974,406.14999999999975,404.64999999999975,405.1199999999997,701
2026-07-10T14:15:00+00:00,405.1199999999997,405.93999999999977,403.65999999999974,405.5599999999997,896
2026-07-10T14:30:00+00:00,405.5599999999997,407.2999999999997,402.84999999999974,404.82999999999976,660
2026-07-10T14:45:00+00:00,404.82999999999976,405.27999999999975,403.9299999999998,404.28999999999974,750.9626259343516
2026-07-10T15:00:00+00:00,404.28999999999974,405.4299999999998,403.83999999999975,404.43999999999977,734
2026-07-10T15:15:00+00:00,404.43999999999977,406.84999999999974,404.40999999999974,406.76999999999975,738
2026-07-10T15:30:00+00:00,406.76999999999975,407.38999999999976,404.47999999999973,405.34999999999974,655
2026-07-10T15:45:00+00:00,405.34999999999974,407.21999999999974,404.95999999999975,406.68999999999977,628
2026-07-10T16:00:00+00:00,406.68999999999977,407.57999999999976,405.90999999999974,406.1799999999998,805
2026-07-10T16:15:00+00:00,406.1799999999998,407.22999999999973,406.1199999999998,406.71999999999974,562
2026-07-10T16:30:00+00:00,406.71999999999974,407.7999999999998,406.39999999999975,406.82999999999976,665
2026-07-10T16:45:00+00:00,406.82999999999976,408.0499999999998,406.14999999999975,406.93999999999977,796
2026-07-10T17:00:00+00:00,406.93999999999977,407.28999999999974,406.2999999999998,406.59999999999974,574
2026-07-10T17:15:00+00:00,406.59999999999974,407.47999999999973,406.21999999999974,407.44999999999976,485
2026-07-10T17:30:00+00:00,407.44999999999976,407.9299999999998,406.93999999999977,407.4999999999998,549
2026-07-10T17:45:00+00:00,407.4999999999998,407.69999999999976,406.25999999999976,406.40999999999974,487
2026-07-10T18:00:00+00:00,406.40999999999974,406.6099999999998,404.9899999999998,405.56999999999977,666
2026-07-10T18:15:00+00:00,405.56999999999977,406.13999999999976,405.0499999999998,405.77999999999975,633
2026-07-10T18:30:00+00:00,405.77999999999975,406.09999999999974,405.5599999999998,405.8699999999998,475
2026-07-10T18:45:00+00:00,405.8699999999998,406.2499999999998,405.50999999999976,405.65999999999974,563
2026-07-10T19:00:00+00:00,405.65999999999974,406.14999999999975,405.06999999999977,405.46999999999974,541
2026-07-10T19:15:00+00:00,405.46999999999974,405.8099999999998,405.0599999999998,405.43999999999977,626
2026-07-10T19:30:00+00:00,405.43999999999977,406.45999999999975,405.2999999999998,405.69999999999976,854
2026-07-10T19:45:00+00:00,405.69999999999976,406.14999999999975,405.1199999999998,405.87999999999977,1496
2026-07-13T13:30:00+00:00,405.87999999999977,405.87999999999977,393.7399999999998,394.33999999999975,1513
2026-07-13T13:45:00+00:00,394.33999999999975,395.7999999999998,392.57999999999976,395.7399999999998,2099
2026-07-13T14:00:00+00:00,395.7399999999998,398.25999999999976,395.44999999999976,397.51999999999975,2054
2026-07-13T14:15:00+00:00,397.51999999999975,400.45999999999975,395.4299999999998,400.3599999999998,1608
2026-07-13T14:30:00+00:00,400.3599999999998,401.43999999999977,397.68999999999977,397.87999999999977,2270
2026-07-13T14:45:00+00:00,397.87999999999977,398.28999999999974,396.2399999999998,397.96999999999974,1975
2026-07-13T15:00:00+00:00,397.96999999999974,398.32999999999976,396.31999999999977,396.81999999999977,1736
2026-07-13T15:15:00+00:00,396.81999999999977,397.6799999999998,396.31999999999977,397.32999999999976,1760
2026-07-13T15:30:00+00:00,397.32999999999976,398.0599999999998,396.22999999999973,396.34999999999974,1858
2026-07-13T15:45:00+00:00,396.34999999999974,396.34999999999974,395.02999999999975,395.33999999999975,1580
2026-07-13T16:00:00+00:00,395.33999999999975,395.9999999999998,394.9999999999998,395.6199999999998,1754
2026-07-13T16:15:00+00:00,395.6199999999998,395.62999999999977,394.31999999999977,394.75999999999976,1651
2026-07-13T16:30:00+00:00,394.75999999999976,394.75999999999976,392.16999999999973,393.26999999999975,2374
2026-07-13T16:45:00+00:00,393.26999999999975,393.62999999999977,391.6199999999998,392.6799999999998,2120
2026-07-13T17:00:00+00:00,392.6799999999998,394.58999999999975,392.5499999999998,392.83999999999975,1779
2026-07-13T17:15:00+00:00,392.83999999999975,393.2399999999998,391.4999999999998,391.9999999999998,1560
2026-07-13T17:30:00+00:00,391.9999999999998,392.90999999999974,391.50999999999976,392.06999999999977,1545
2026-07-13T17:45:00+00:00,392.06999999999977,392.33999999999975,391.21999999999974,391.6199999999998,1472
2026-07-13T18:00:00+00:00,391.6199999999998,392.7999999999998,391.31999999999977,392.08999999999975,1747
2026-07-13T18:15:00+00:00,392.08999999999975,392.6199999999998,391.31999999999977,391.3699999999998,1599
2026-07-13T18:30:00+00:00,391.3699999999998,392.3699999999998,390.9299999999998,391.83999999999975,1759
2026-07-13T18:45:00+00:00,391.83999999999975,392.3099999999998,390.96999999999974,391.16999999999973,1561
2026-07-13T19:00:00+00:00,391.16999999999973,392.47999999999973,390.56999999999977,391.19999999999976,2222
2026-07-13T19:15:00+00:00,391.19999999999976,391.28999999999974,389.81999999999977,390.34999999999974,1643
2026-07-13T19:30:00+00:00,390.34999999999974,391.89999999999975,390.15999999999974,391.33999999999975,2268
2026-07-13T19:45:00+00:00,391.33999999999975,393.06999999999977,389.31999999999977,389.64999999999975,3289
2026-07-14T13:30:00+00:00,389.64999999999975,400.75999999999976,389.64999999999975,391.57999999999976,1521
2026-07-14T13:45:00+00:00,391.57999999999976,397.69999999999976,391.57999999999976,397.25999999999976,1947
2026-07-14T14:00:00+00:00,397.25999999999976,397.53999999999974,394.18999999999977,396.82999999999976,1750
2026-07-14T14:15:00+00:00,396.82999999999976,399.38999999999976,395.1099999999998,397.06999999999977,1691
2026-07-14T14:30:00+00:00,397.06999999999977,400.33999999999975,396.02999999999975,399.03999999999974,1748
2026-07-14T14:45:00+00:00,399.03999999999974,402.06999999999977,398.69999999999976,400.93999999999977,1974
2026-07-14T15:00:00+00:00,400.93999999999977,402.4999999999998,400.27999999999975,401.47999999999973,1789
2026-07-14T15:15:00+00:00,401.47999999999973,402.71999999999974,400.39999999999975,402.6799999999998,1804
2026-07-14T15:30:00+00:00,402.6799999999998,402.91999999999973,399.9899999999998,400.90999999999974,1923
2026-07-14T15:45:00+00:00,400.90999999999974,401.32999999999976,399.50999999999976,400.22999999999973,1731
2026-07-14T16:00:00+00:00,400.22999999999973,400.2399999999998,398.12999999999977,398.6099999999998,1622
2026-07-14T16:15:00+00:00,398.6099999999998,399.2499999999998,397.96999999999974,398.95999999999975,1549
2026-07-14T16:30:00+00:00,398.95999999999975,399.45999999999975,398.21999999999974,398.83999999999975,1321
2026-07-14T16:45:00+00:00,398.83999999999975,400.13999999999976,398.56999999999977,400.13999999999976,1238
2026-07-14T17:00:00+00:00,400.13999999999976,400.93999999999977,399.28999999999974,399.37999999999977,1123
2026-07-14T17:15:00+00:00,399.37999999999977,399.84999999999974,398.91999999999973,399.25999999999976,862
2026-07-14T17:30:00+00:00,399.25999999999976,399.44999999999976,398.03999999999974,398.6199999999998,910
2026-07-14T17:45:00+00:00,398.6199999999998,399.89999999999975,398.40999999999974,399.83999999999975,946
2026-07-14T18:00:00+00:00,399.83999999999975,400.4999999999998,399.47999999999973,400.2999999999998,966
2026-07-14T18:15:00+00:00,400.2999999999998,400.5499999999998,399.63999999999976,399.87999999999977,752
2026-07-14T18:30:00+00:00,399.87999999999977,400.13999999999976,398.84999999999974,399.27999999999975,1075
2026-07-14T18:45:00+00:00,399.27999999999975,399.9999999999998,398.91999999999973,399.7399999999998,1084
2026-07-14T19:00:00+00:00,399.7399999999998,399.75999999999976,396.70999999999975,396.83999999999975,1305
2026-07-14T19:15:00+00:00,396.83999999999975,397.26999999999975,395.81999999999977,396.31999999999977,1371
2026-07-14T19:30:00+00:00,396.31999999999977,397.27999999999975,395.83999999999975,396.43999999999977,1706
2026-07-14T19:45:00+00:00,396.43999999999977,397.03999999999974,394.7499999999998,394.94999999999976,2421
2026-07-15T13:30:00+00:00,394.94999999999976,403.64999999999975,394.94999999999976,402.81999999999977,472
2026-07-15T13:45:00+00:00,402.81999999999977,404.65999999999974,400.82999999999976,403.39999999999975,650
2026-07-15T14:00:00+00:00,403.39999999999975,404.16999999999973,398.71999999999974,398.82999999999976,572
2026-07-15T14:15:00+00:00,398.82999999999976,399.59999999999974,396.02999999999975,398.1099999999998,799
2026-07-15T14:30:00+00:00,398.1099999999998,398.1099999999998,393.68999999999977,395.13999999999976,930
2026-07-15T14:45:00+00:00,395.13999999999976,397.91999999999973,394.71999999999974,396.82999999999976,709.0274487685656
2026-07-15T15:00:00+00:00,396.82999999999976,396.82999999999976,394.59999999999974,394.83999999999975,680
2026-07-15T15:15:00+00:00,394.83999999999975,395.6799999999997,392.4899999999997,395.6799999999997,749
2026-07-15T15:30:00+00:00,395.6799999999997,396.47999999999973,394.81999999999977,395.06999999999977,600
2026-07-15T15:45:00+00:00,395.06999999999977,395.15999999999974,393.58999999999975,394.60999999999973,508
2026-07-15T16:00:00+00:00,394.60999999999973,395.20999999999975,393.16999999999973,393.58999999999975,676
2026-07-15T16:15:00+00:00,393.58999999999975,394.0599999999997,392.6899999999997,393.51999999999975,687
2026-07-15T16:30:00+00:00,393.51999999999975,394.4399999999997,392.28999999999974,393.3099999999997,818
2026-07-15T16:45:00+00:00,393.3099999999997,396.16999999999973,392.94999999999976,395.3099999999997,688
2026-07-15T17:00:00+00:00,395.3099999999997,396.59999999999974,395.00999999999976,396.1199999999997,620
2026-07-15T17:15:00+00:00,396.1199999999997,398.31999999999977,395.9299999999997,397.35999999999973,695
2026-07-15T17:30:00+00:00,397.35999999999973,398.15999999999974,397.2399999999997,397.4999999999997,511
2026-07-15T17:45:00+00:00,397.4999999999997,400.09999999999974,397.4999999999997,399.50999999999976,712
2026-07-15T18:00:00+00:00,399.50999999999976,401.38999999999976,399.41999999999973,400.4399999999997,688
2026-07-15T18:15:00+00:00,400.4399999999997,400.50999999999976,399.13999999999976,399.6799999999997,695
2026-07-15T18:30:00+00:00,399.6799999999997,399.90999999999974,398.50999999999976,398.64999999999975,561
2026-07-15T18:45:00+00:00,398.64999999999975,399.0499999999997,397.22999999999973,397.4299999999997,677
2026-07-15T19:00:00+00:00,397.4299999999997,399.84999999999974,397.40999999999974,399.00999999999976,745
2026-07-15T19:15:00+00:00,399.00999999999976,399.25999999999976,397.2399999999997,399.2499999999997,845
2026-07-15T19:30:00+00:00,399.2499999999997,400.77999999999975,398.89999999999975,400.39999999999975,909
2026-07-15T19:45:00+00:00,400.39999999999975,400.75999999999976,399.09999999999974,399.89999999999975,1698
2026-07-16T13:30:00+00:00,399.89999999999975,399.89999999999975,383.84999999999974,385.19999999999976,994
2026-07-16T13:45:00+00:00,385.19999999999976,387.19999999999976,383.58999999999975,386.6199999999997,844
2026-07-16T14:00:00+00:00,386.6199999999997,391.62999999999977,386.19999999999976,390.34999999999974,749
2026-07-16T14:15:00+00:00,390.34999999999974,390.90999999999974,387.07999999999976,389.16999999999973,750
2026-07-16T14:30:00+00:00,389.16999999999973,389.34999999999974,387.28999999999974,387.9899999999997,669
2026-07-16T14:45:00+00:00,387.9899999999997,388.6199999999997,386.28999999999974,387.31999999999977,742
2026-07-16T15:00:00+00:00,387.31999999999977,387.9299999999997,385.08999999999975,385.7499999999997,880
2026-07-16T15:15:00+00:00,385.7499999999997,387.35999999999973,385.3699999999997,386.8699999999997,919
2026-07-16T15:30:00+00:00,386.8699999999997,388.2399999999997,386.38999999999976,387.1899999999997,684
2026-07-16T15:45:00+00:00,387.1899999999997,388.06999999999977,386.58999999999975,387.45999999999975,576
2026-07-16T16:00:00+00:00,387.45999999999975,387.47999999999973,385.35999999999973,385.90999999999974,858
2026-07-16T16:15:00+00:00,385.90999999999974,386.35999999999973,385.1199999999997,386.07999999999976,889
2026-07-16T16:30:00+00:00,386.07999999999976,386.66999999999973,385.58999999999975,385.6199999999997,626
2026-07-16T16:45:00+00:00,385.6199999999997,385.89999999999975,384.02999999999975,384.10999999999973,880
2026-07-16T17:00:00+00:00,384.10999999999973,384.26999999999975,382.4999999999997,383.02999999999975,1015
2026-07-16T17:15:00+00:00,383.02999999999975,383.7499999999997,382.65999999999974,383.38999999999976,1000
2026-07-16T17:30:00+00:00,383.38999999999976,383.72999999999973,381.78999999999974,381.9999999999997,881
2026-07-16T17:45:00+00:00,381.9999999999997,382.31999999999977,381.2399999999997,381.4999999999997,892
2026-07-16T18:00:00+00:00,381.4999999999997,382.22999999999973,380.14999999999975,381.4399999999997,879
2026-07-16T18:15:00+00:00,381.4399999999997,383.41999999999973,381.14999999999975,382.4399999999997,824
2026-07-16T18:30:00+00:00,382.4399999999997,382.57999999999976,381.39999999999975,382.01999999999975,926
2026-07-16T18:45:00+00:00,382.01999999999975,382.3099999999997,381.1199999999997,381.27999999999975,807
2026-07-16T19:00:00+00:00,381.27999999999975,382.13999999999976,380.9899999999997,381.4299999999997,1090
2026-07-16T19:15:00+00:00,381.4299999999997,381.91999999999973,380.64999999999975,381.57999999999976,1181
2026-07-16T19:30:00+00:00,381.57999999999976,382.26999999999975,378.34999999999974,378.35999999999973,1428
2026-07-16T19:45:00+00:00,378.35999999999973,381.6799999999997,377.44999999999976,379.65999999999974,2884
2026-07-17T13:30:00+00:00,379.65999999999974,379.65999999999974,363.34999999999974,363.89999999999975,1290
2026-07-17T13:45:00+00:00,363.89999999999975,371.13999999999976,363.88999999999976,370.4299999999997,1278
2026-07-17T14:00:00+00:00,370.4299999999997,378.31999999999977,370.2999999999997,376.08999999999975,1245
2026-07-17T14:15:00+00:00,376.08999999999975,379.59999999999974,375.58999999999975,375.6899999999997,561
2026-07-17T14:30:00+00:00,375.6899999999997,378.31999999999977,374.94999999999976,376.5499999999997,676
2026-07-17T14:45:00+00:00,376.5499999999997,377.2499999999997,374.3699999999997,374.46999999999974,573
2026-07-17T15:00:00+00:00,374.46999999999974,375.0499999999997,372.9899999999997,374.3099999999997,661
2026-07-17T15:15:00+00:00,374.3099999999997,375.4299999999997,373.59999999999974,374.50999999999976,683
2026-07-17T15:30:00+00:00,374.50999999999976,376.32999999999976,374.02999999999975,375.59999999999974,585
2026-07-17T15:45:00+00:00,375.59999999999974,378.84999999999974,375.46999999999974,377.85999999999973,660
2026-07-17T16:00:00+00:00,377.85999999999973,378.84999999999974,376.14999999999975,378.78999999999974,595
2026-07-17T16:15:00+00:00,378.78999999999974,378.9399999999997,376.56999999999977,378.03999999999974,642
2026-07-17T16:30:00+00:00,378.03999999999974,379.6899999999997,377.38999999999976,379.62999999999977,758
2026-07-17T16:45:00+00:00,379.62999999999977,381.85999999999973,379.56999999999977,380.90999999999974,742
2026-07-17T17:00:00+00:00,380.90999999999974,382.87999999999977,380.82999999999976,381.4899999999997,745
2026-07-17T17:15:00+00:00,381.4899999999997,382.41999999999973,380.7399999999997,381.72999999999973,567
2026-07-17T17:30:00+00:00,381.72999999999973,381.9899999999997,380.50999999999976,380.78999999999974,506
2026-07-17T17:45:00+00:00,380.78999999999974,381.32999999999976,379.39999999999975,379.4399999999997,604
2026-07-17T18:00:00+00:00,379.4399999999997,380.07999999999976,378.34999999999974,378.53999999999974,712
2026-07-17T18:15:00+00:00,378.53999999999974,378.7399999999997,377.45999999999975,378.45999999999975,625
2026-07-17T18:30:00+00:00,378.45999999999975,379.35999999999973,377.26999999999975,377.5599999999997,526
2026-07-17T18:45:00+00:00,377.5599999999997,379.41999999999973,377.31999999999977,378.90999999999974,657
2026-07-17T19:00:00+00:00,378.90999999999974,379.14999999999975,376.13999999999976,376.14999999999975,633
2026-07-17T19:15:00+00:00,376.14999999999975,377.6199999999997,375.4399999999997,377.53999999999974,1003
2026-07-17T19:30:00+00:00,377.53999999999974,378.58999999999975,376.7999999999997,377.56999999999977,1396
2026-07-17T19:45:00+00:00,377.56999999999977,378.2399999999997,375.96999999999974,376.4899999999997,1809
2026-07-20T13:30:00+00:00,376.4899999999997,381.90999999999974,376.4899999999997,378.9299999999997,484
2026-07-20T13:45:00+00:00,378.9299999999997,379.6299999999997,376.0199999999997,376.28999999999974,464
2026-07-20T14:00:00+00:00,376.28999999999974,378.1399999999997,375.2599999999997,378.0699999999997,468
2026-07-20T14:15:00+00:00,378.0699999999997,379.4999999999997,376.53999999999974,379.3999999999997,533
2026-07-20T14:30:00+00:00,379.3999999999997,379.9599999999997,377.7699999999997,377.8899999999997,517
2026-07-20T14:45:00+00:00,377.8899999999997,379.1799999999997,377.4599999999997,377.8699999999997,493
2026-07-20T15:00:00+00:00,377.8699999999997,378.85999999999973,377.3699999999997,378.1399999999997,580
2026-07-20T15:15:00+00:00,378.1399999999997,380.5599999999997,377.7999999999997,380.5599999999997,638
2026-07-20T15:30:00+00:00,380.5599999999997,381.10999999999973,379.6399999999997,380.8799999999997,596
2026-07-20T15:45:00+00:00,380.8799999999997,381.7499999999997,379.66999999999973,381.3699999999997,539
2026-07-20T16:00:00+00:00,381.3699999999997,382.9399999999997,380.8299999999997,382.2699999999997,547
2026-07-20T16:15:00+00:00,382.2699999999997,382.4299999999997,380.9699999999997,381.5199999999997,492
2026-07-20T16:30:00+00:00,381.5199999999997,382.3899999999997,380.3799999999997,380.4599999999997,698
2026-07-20T16:45:00+00:00,380.4599999999997,381.4699999999997,380.4599999999997,380.8199999999997,657
2026-07-20T17:00:00+00:00,380.8199999999997,381.5799999999997,380.1199999999997,380.1799999999997,705
2026-07-20T17:15:00+00:00,380.1799999999997,381.91999999999973,379.78999999999974,380.65999999999974,609
2026-07-20T17:30:00+00:00,380.65999999999974,381.2999999999997,379.8899999999997,380.10999999999973,516
2026-07-20T17:45:00+00:00,380.10999999999973,381.4599999999997,380.0899999999997,381.0699999999997,441
2026-07-20T18:00:00+00:00,381.0699999999997,381.66999999999973,380.5599999999997,381.09999999999974,418
2026-07-20T18:15:00+00:00,381.09999999999974,381.16999999999973,379.8799999999997,380.1899999999997,460
2026-07-20T18:30:00+00:00,380.1899999999997,380.1899999999997,378.47999999999973,378.47999999999973,582
2026-07-20T18:45:00+00:00,378.47999999999973,378.91999999999973,377.9599999999997,378.22999999999973,397
2026-07-20T19:00:00+00:00,378.22999999999973,378.6799999999997,377.3699999999997,377.59999999999974,637
2026-07-20T19:15:00+00:00,377.59999999999974,378.7499999999997,376.97999999999973,378.6799999999997,592
2026-07-20T19:30:00+00:00,378.6799999999997,379.03999999999974,377.91999999999973,378.60999999999973,813
2026-07-20T19:45:00+00:00,378.60999999999973,378.8699999999997,376.84999999999974,377.5499999999997,1573
2026-07-21T13:30:00+00:00,377.5499999999997,389.4899999999997,377.5499999999997,381.5499999999997,805
2026-07-21T13:45:00+00:00,381.5499999999997,382.2999999999997,378.5299999999997,380.8099999999997,746
2026-07-21T14:00:00+00:00,380.8099999999997,382.6499999999997,379.9699999999997,382.6499999999997,651
2026-07-21T14:15:00+00:00,382.6499999999997,383.16999999999973,380.60999999999973,382.7799999999997,471
2026-07-21T14:30:00+00:00,382.7799999999997,384.1499999999997,382.5899999999997,384.0599999999997,707
2026-07-21T14:45:00+00:00,384.0599999999997,384.91999999999973,382.7099999999997,383.28999999999974,709
2026-07-21T15:00:00+00:00,383.28999999999974,385.9299999999997,381.8699999999997,385.72999999999973,761
2026-07-21T15:15:00+00:00,385.72999999999973,386.10999999999973,384.0199999999997,384.9899999999997,702
2026-07-21T15:30:00+00:00,384.9899999999997,385.1399999999997,383.6499999999997,384.03999999999974,603
2026-07-21T15:45:00+00:00,384.03999999999974,385.4999999999997,383.9599999999997,384.8999999999997,552
2026-07-21T16:00:00+00:00,384.8999999999997,386.53999999999974,384.7799999999997,385.41999999999973,557
2026-07-21T16:15:00+00:00,385.41999999999973,386.7099999999997,385.41999999999973,385.6299999999997,538
2026-07-21T16:30:00+00:00,385.6299999999997,385.8399999999997,384.5799999999997,385.22999999999973,475
2026-07-21T16:45:00+00:00,385.22999999999973,386.60999999999973,385.1999999999997,385.6499999999997,467
2026-07-21T17:00:00+00:00,385.6499999999997,386.10999999999973,385.3699999999997,385.3999999999997,480
2026-07-21T17:15:00+00:00,385.3999999999997,386.1499999999997,385.3999999999997,385.7099999999997,372
2026-07-21T17:30:00+00:00,385.7099999999997,386.1799999999997,385.5099999999997,385.8099999999997,363
2026-07-21T17:45:00+00:00,385.8099999999997,386.1999999999997,385.1999999999997,385.4299999999997,397
2026-07-21T18:00:00+00:00,385.4299999999997,385.5699999999997,384.8699999999997,385.3299999999997,464
2026-07-21T18:15:00+00:00,385.3299999999997,385.5899999999997,384.7399999999997,385.1399999999997,344
2026-07-21T18:30:00+00:00,385.1399999999997,385.85999999999973,384.8699999999997,385.85999999999973,389
2026-07-21T18:45:00+00:00,385.85999999999973,386.15999999999974,385.3799999999997,385.9699999999997,495
2026-07-21T19:00:00+00:00,385.9699999999997,386.1399999999997,384.3699999999997,384.6899999999997,463
2026-07-21T19:15:00+00:00,384.6899999999997,385.41999999999973,384.66999999999973,384.7499999999997,538
2026-07-21T19:30:00+00:00,384.7499999999997,385.97999999999973,384.40999999999974,385.53999999999974,771
2026-07-21T19:45:00+00:00,385.53999999999974,386.8299999999997,385.3699999999997,385.6399999999997,1875
2026-07-22T13:30:00+00:00,385.6399999999997,386.7699999999997,379.3699999999997,385.22999999999973,409
2026-07-22T13:45:00+00:00,385.22999999999973,386.0299999999997,383.4499999999997,385.1999999999997,381
2026-07-22T14:00:00+00:00,385.1999999999997,385.2099999999997,383.8699999999997,384.5199999999997,436
2026-07-22T14:15:00+00:00,384.5199999999997,385.8299999999997,383.8699999999997,385.0299999999997,490
2026-07-22T14:30:00+00:00,385.0299999999997,386.85999999999973,384.7699999999997,386.7599999999997,593
2026-07-22T14:45:00+00:00,386.7599999999997,389.65999999999974,386.7599999999997,388.60999999999973,685
2026-07-22T15:00:00+00:00,388.60999999999973,391.6799999999997,388.2499999999997,391.6799999999997,774
2026-07-22T15:15:00+00:00,391.6799999999997,391.9899999999997,390.5499999999997,391.03999999999974,617
2026-07-22T15:30:00+00:00,391.03999999999974,391.1899999999997,390.3699999999997,390.8099999999997,638
2026-07-22T15:45:00+00:00,390.8099999999997,393.0699999999997,390.7599999999997,393.0699999999997,648
2026-07-22T16:00:00+00:00,393.0699999999997,393.6399999999997,392.1499999999997,393.4399999999997,618
2026-07-22T16:15:00+00:00,393.4399999999997,394.41999999999973,393.2499999999997,394.0299999999997,656
2026-07-22T16:30:00+00:00,394.0299999999997,395.0799999999997,393.5799999999997,394.0299999999997,587
2026-07-22T16:45:00+00:00,394.0299999999997,396.16999999999973,393.66999999999973,395.47999999999973,646
2026-07-22T17:00:00+00:00,395.47999999999973,397.16999999999973,395.3199999999997,395.6899999999997,789
2026-07-22T17:15:00+00:00,395.6899999999997,396.0499999999997,395.1199999999997,395.8799999999997,540
2026-07-22T17:30:00+00:00,395.8799999999997,396.8999999999997,395.5499999999997,396.1199999999997,488
2026-07-22T17:45:00+00:00,396.1199999999997,397.4499999999997,395.4299999999997,395.4999999999997,523
2026-07-22T18:00:00+00:00,395.4999999999997,396.1899999999997,394.8699999999997,395.5799999999997,503
2026-07-22T18:15:00+00:00,395.5799999999997,396.34999999999974,395.1899999999997,396.1799999999997,457
2026-07-22T18:30:00+00:00,396.1799999999997,396.5099999999997,395.6299999999997,396.41999999999973,545
2026-07-22T18:45:00+00:00,396.41999999999973,397.2799999999997,396.3799999999997,396.7099999999997,485
2026-07-22T19:00:00+00:00,396.7099999999997,397.7399999999997,396.3699999999997,396.3799999999997,627
2026-07-22T19:15:00+00:00,396.3799999999997,397.90999999999974,396.09999999999974,397.4899999999997,667
2026-07-22T19:30:00+00:00,397.4899999999997,397.8699999999997,396.7799999999997,397.53999999999974,846
2026-07-22T19:45:00+00:00,397.53999999999974,397.8199999999997,395.78999999999974,396.1399999999997,1790
2026-07-23T13:30:00+00:00,396.1399999999997,396.6799999999997,389.6499999999997,395.6399999999997,416
2026-07-23T13:45:00+00:00,395.6399999999997,395.6899999999997,392.7699999999997,393.6899999999997,412
2026-07-23T14:00:00+00:00,393.6899999999997,395.16999999999973,392.8899999999997,394.2599999999997,451
2026-07-23T14:15:00+00:00,394.2599999999997,395.7999999999997,393.5799999999997,394.7799999999997,399
2026-07-23T14:30:00+00:00,394.7799999999997,395.16999999999973,390.7199999999997,390.7199999999997,593
2026-07-23T14:45:00+00:00,390.7199999999997,392.0899999999997,388.7799999999997,389.6299999999997,663
2026-07-23T15:00:00+00:00,389.6299999999997,390.0299999999997,387.5699999999997,387.7199999999997,886
2026-07-23T15:15:00+00:00,387.7199999999997,389.4999999999997,386.4699999999997,386.8999999999997,566
2026-07-23T15:30:00+00:00,386.8999999999997,388.4599999999997,386.0799999999997,386.8899999999997,640
2026-07-23T15:45:00+00:00,386.8899999999997,388.4299999999997,386.6299999999997,388.3199999999997,378
2026-07-23T16:00:00+00:00,388.3199999999997,389.6299999999997,387.7699999999997,389.5499999999997,447
2026-07-23T16:15:00+00:00,389.5499999999997,391.3199999999997,389.2699999999997,390.5299999999997,587
2026-07-23T16:30:00+00:00,390.5299999999997,392.6799999999997,390.2599999999997,391.3799999999997,453
2026-07-23T16:45:00+00:00,391.3799999999997,391.3899999999997,389.5599999999997,390.47999999999973,442
2026-07-23T17:00:00+00:00,390.47999999999973,391.2499999999997,389.03999999999974,391.0299999999997,332
2026-07-23T17:15:00+00:00,391.0299999999997,391.8899999999997,390.5899999999997,391.4399999999997,272
2026-07-23T17:30:00+00:00,391.4399999999997,391.6199999999997,389.7699999999997,390.0799999999997,428
2026-07-23T17:45:00+00:00,390.0799999999997,391.0599999999997,389.3999999999997,389.60999999999973,319
2026-07-23T18:00:00+00:00,389.60999999999973,390.0199999999997,388.41999999999973,388.9599999999997,372
2026-07-23T18:15:00+00:00,388.9599999999997,389.6499999999997,388.7599999999997,389.47999999999973,431
2026-07-23T18:30:00+00:00,389.47999999999973,390.1499999999997,388.8299999999997,389.09999999999974,398
2026-07-23T18:45:00+00:00,389.09999999999974,389.85999999999973,388.7799999999997,389.3199999999997,426
2026-07-23T19:00:00+00:00,389.3199999999997,389.59999999999974,388.2799999999997,389.3199999999997,560
2026-07-23T19:15:00+00:00,389.3199999999997,390.7799999999997,388.78999999999974,390.5699999999997,944
2026-07-23T19:30:00+00:00,390.5699999999997,390.8299999999997,388.47999999999973,388.47999999999973,803
2026-07-23T19:45:00+00:00,388.47999999999973,392.1999999999997,388.3799999999997,391.8899999999997,1669
2026-07-24T13:30:00+00:00,391.8899999999997,391.8899999999997,381.1399999999997,383.1999999999997,548
2026-07-24T13:45:00+00:00,383.1999999999997,384.6399999999997,379.4999999999997,380.4699999999997,678
2026-07-24T14:00:00+00:00,380.4699999999997,384.4499999999997,380.0299999999997,383.6199999999997,574
2026-07-24T14:15:00+00:00,383.6199999999997,383.84999999999974,380.78999999999974,382.97999999999973,487
2026-07-24T14:30:00+00:00,382.97999999999973,383.0499999999997,380.0899999999997,380.8799999999997,520
2026-07-24T14:45:00+00:00,380.8799999999997,383.1899999999997,379.8699999999997,382.78999999999974,426
2026-07-24T15:00:00+00:00,382.78999999999974,383.84999999999974,381.0599999999997,383.6399999999997,439
2026-07-24T15:15:00+00:00,383.6399999999997,384.90999999999974,383.0899999999997,383.0899999999997,430
2026-07-24T15:30:00+00:00,383.0899999999997,384.40999999999974,382.47999999999973,382.5699999999997,340
2026-07-24T15:45:00+00:00,382.5699999999997,385.3799999999997,382.5699999999997,385.3699999999997,324
2026-07-24T16:00:00+00:00,385.3699999999997,386.7499999999997,384.41999999999973,385.41999999999973,389
2026-07-24T16:15:00+00:00,385.41999999999973,385.7999999999997,384.8399999999997,385.3899999999997,336
2026-07-24T16:30:00+00:00,385.3899999999997,385.3899999999997,384.0699999999997,384.3199999999997,426
2026-07-24T16:45:00+00:00,384.3199999999997,384.8099999999997,383.6199999999997,384.4899999999997,412
2026-07-24T17:00:00+00:00,384.4899999999997,384.66999999999973,382.8799999999997,383.3799999999997,331
2026-07-24T17:15:00+00:00,383.3799999999997,384.3299999999997,382.9299999999997,384.2199999999997,221
2026-07-24T17:30:00+00:00,384.2199999999997,384.7699999999997,383.0499999999997,383.1899999999997,314
2026-07-24T17:45:00+00:00,383.1899999999997,384.0699999999997,382.7999999999997,383.03999999999974,287
2026-07-24T18:00:00+00:00,383.03999999999974,383.34999999999974,381.3899999999997,381.9299999999997,541
2026-07-24T18:15:00+00:00,381.9299999999997,381.9299999999997,379.8699999999997,380.10999999999973,694
2026-07-24T18:30:00+00:00,380.10999999999973,380.2199999999997,378.4699999999997,379.03999999999974,795
2026-07-24T18:45:00+00:00,379.03999999999974,380.3799999999997,378.6799999999997,379.7799999999997,659
2026-07-24T19:00:00+00:00,379.7799999999997,380.8399999999997,378.16999999999973,378.4999999999997,951
2026-07-24T19:15:00+00:00,378.4999999999997,379.84999999999974,378.10999999999973,379.40999999999974,836
2026-07-24T19:30:00+00:00,379.40999999999974,380.40999999999974,379.0199999999997,379.9999999999997,1063
2026-07-24T19:45:00+00:00,379.9999999999997,381.78999999999974,378.5099999999997,381.60999999999973,1974
2026-07-27T13:30:00+00:00,381.60999999999973,388.6399999999997,381.60999999999973,384.0799999999997,419
2026-07-27T13:45:00+00:00,384.0799999999997,387.3299999999997,380.8699999999997,381.4899999999997,533
2026-07-27T14:00:00+00:00,381.4899999999997,383.2099999999997,379.90999999999974,381.2099999999997,492
2026-07-27T14:15:00+00:00,381.2099999999997,382.0899999999997,376.53999999999974,376.53999999999974,661
2026-07-27T14:30:00+00:00,376.53999999999974,377.1199999999997,372.7699999999997,374.1399999999997,901
2026-07-27T14:45:00+00:00,374.1399999999997,382.5499999999997,374.1399999999997,382.2199999999997,1016
2026-07-27T15:00:00+00:00,382.2199999999997,383.1299999999997,380.1199999999997,380.1199999999997,515
2026-07-27T15:15:00+00:00,380.1199999999997,381.1199999999997,378.4499999999997,378.90999999999974,346
2026-07-27T15:30:00+00:00,378.90999999999974,379.1399999999997,376.1999999999997,377.9299999999997,440
2026-07-27T15:45:00+00:00,377.9299999999997,379.9999999999997,376.8799999999997,379.6299999999997,468
2026-07-27T16:00:00+00:00,379.6299999999997,381.8099999999997,379.5799999999997,379.8299999999997,477
2026-07-27T16:15:00+00:00,379.8299999999997,381.9299999999997,378.3799999999997,381.91999999999973,476
2026-07-27T16:30:00+00:00,381.91999999999973,383.15999999999974,380.1399999999997,382.0299999999997,390
2026-07-27T16:45:00+00:00,382.0299999999997,382.5499999999997,379.5299999999997,380.2099999999997,354
2026-07-27T17:00:00+00:00,380.2099999999997,380.2099999999997,378.2699999999997,379.0499999999997,396
2026-07-27T17:15:00+00:00,379.0499999999997,379.3899999999997,377.6199999999997,377.9899999999997,457
2026-07-27T17:30:00+00:00,377.9899999999997,379.5599999999997,377.9699999999997,378.6299999999997,502
2026-07-27T17:45:00+00:00,378.6299999999997,380.09999999999974,378.1799999999997,379.82999999999976,423.19094825732884
2026-07-27T18:00:00+00:00,379.82999999999976,380.9399999999997,379.77999999999975,380.56999999999965,290.07477862903045
2026-07-27T18:15:00+00:00,380.56999999999965,380.56999999999965,379.18999999999966,379.99999999999966,338
2026-07-27T18:30:00+00:00,379.99999999999966,380.01999999999964,378.68999999999966,380.01999999999964,458
2026-07-27T18:45:00+00:00,380.01999999999964,382.08999999999963,379.24999999999966,382.00999999999965,480
2026-07-27T19:00:00+00:00,382.00999999999965,383.95999999999964,381.82999999999964,382.98999999999967,549
2026-07-27T19:15:00+00:00,382.98999999999967,384.4199999999997,382.98999999999967,384.31999999999965,638
2026-07-27T19:30:00+00:00,384.31999999999965,384.7299999999997,381.95999999999964,382.49999999999966,771
2026-07-27T19:45:00+00:00,382.49999999999966,383.7299999999997,382.39999999999964,383.31999999999965,2026
2026-07-28T13:30:00+00:00,383.31999999999965,383.31999999999965,371.51999999999964,372.88999999999965,752
2026-07-28T13:45:00+00:00,372.88999999999965,378.01999999999964,371.86999999999966,375.3499999999996,861
2026-07-28T14:00:00+00:00,375.3499999999996,380.1599999999996,373.6699999999997,374.00999999999965,782
2026-07-28T14:15:00+00:00,374.00999999999965,376.21999999999963,373.2899999999996,376.0399999999996,865
2026-07-28T14:30:00+00:00,376.0399999999996,377.51999999999964,374.83999999999963,376.3599999999997,924
2026-07-28T14:45:00+00:00,376.3599999999997,380.55999999999966,375.4099999999996,378.20999999999964,1099
2026-07-28T15:00:00+00:00,378.20999999999964,379.48999999999967,377.18999999999966,379.06999999999965,858
2026-07-28T15:15:00+00:00,379.06999999999965,382.74999999999966,378.38999999999965,380.39999999999964,911
2026-07-28T15:30:00+00:00,380.39999999999964,384.18999999999966,379.8499999999996,383.96999999999963,742
2026-07-28T15:45:00+00:00,383.96999999999963,385.69999999999965,383.19999999999965,383.4799999999997,816
2026-07-28T16:00:00+00:00,383.4799999999997,384.71999999999963,382.70999999999964,382.96999999999963,643
2026-07-28T16:15:00+00:00,382.96999999999963,383.2899999999996,381.33999999999963,381.51999999999964,641
2026-07-28T16:30:00+00:00,381.51999999999964,383.6699999999997,379.77999999999963,383.1599999999996,631
2026-07-28T16:45:00+00:00,383.1599999999996,384.45999999999964,382.55999999999966,383.57999999999964,463
2026-07-28T17:00:00+00:00,383.57999999999964,383.8499999999996,380.98999999999967,381.39999999999964,464
2026-07-28T17:15:00+00:00,381.39999999999964,381.81999999999965,380.4099999999996,380.75999999999965,419
2026-07-28T17:30:00+00:00,380.75999999999965,381.51999999999964,379.70999999999964,379.70999999999964,416
2026-07-28T17:45:00+00:00,379.70999999999964,380.14999999999964,378.99999999999966,379.52999999999963,467
2026-07-28T18:00:00+00:00,379.52999999999963,379.9799999999997,379.18999999999966,379.20999999999964,493
2026-07-28T18:15:00+00:00,379.20999999999964,379.9199999999997,378.99999999999966,379.5399999999996,503
2026-07-28T18:30:00+00:00,379.5399999999996,380.70999999999964,379.2899999999996,380.37999999999965,544
2026-07-28T18:45:00+00:00,380.37999999999965,381.70999999999964,380.36999999999966,381.58999999999963,518
2026-07-28T19:00:00+00:00,381.58999999999963,383.94999999999965,381.58999999999963,383.52999999999963,631
2026-07-28T19:15:00+00:00,383.52999999999963,385.23999999999967,382.98999999999967,385.01999999999964,587
2026-07-28T19:30:00+00:00,385.01999999999964,385.4199999999997,383.08999999999963,384.04999999999967,904
2026-07-28T19:45:00+00:00,384.04999999999967,385.8599999999997,380.5399999999996,380.61999999999966,2125
2026-07-29T13:30:00+00:00,380.61999999999966,380.8499999999996,376.38999999999965,380.77999999999963,452
2026-07-29T13:45:00+00:00,380.77999999999963,381.27999999999963,375.86999999999966,377.37999999999965,479
2026-07-29T14:00:00+00:00,377.37999999999965,380.7899999999996,376.54999999999967,376.54999999999967,391
2026-07-29T14:15:00+00:00,376.54999999999967,378.44999999999965,374.81999999999965,375.48999999999967,569
2026-07-29T14:30:00+00:00,375.48999999999967,377.30999999999966,373.51999999999964,373.74999999999966,661
2026-07-29T14:45:00+00:00,373.74999999999966,377.12999999999965,373.43999999999966,376.82999999999964,608
2026-07-29T15:00:00+00:00,376.82999999999964,378.19999999999965,374.76999999999964,375.1699999999997,757
2026-07-29T15:15:00+00:00,375.1699999999997,375.8599999999997,372.44999999999965,372.4799999999997,870
2026-07-29T15:30:00+00:00,372.4799999999997,373.3599999999997,371.8599999999997,372.26999999999964,910
2026-07-29T15:45:00+00:00,372.26999999999964,372.63999999999965,370.8499999999996,371.95999999999964,990
2026-07-29T16:00:00+00:00,371.95999999999964,372.87999999999965,369.68999999999966,370.77999999999963,1000
2026-07-29T16:15:00+00:00,370.77999999999963,373.68999999999966,370.3499999999996,373.49999999999966,878
2026-07-29T16:30:00+00:00,373.49999999999966,374.33999999999963,372.80999999999966,373.5999999999996,913
2026-07-29T16:45:00+00:00,373.5999999999996,374.98999999999967,373.36999999999966,374.87999999999965,913
2026-07-29T17:00:00+00:00,374.87999999999965,378.05999999999966,374.52999999999963,378.04999999999967,854
2026-07-29T17:15:00+00:00,378.04999999999967,378.13999999999965,375.95999999999964,375.95999999999964,622
2026-07-29T17:30:00+00:00,375.95999999999964,377.05999999999966,375.58999999999963,376.68999999999966,558
2026-07-29T17:45:00+00:00,376.68999999999966,377.7299999999997,376.00999999999965,377.55999999999966,694
2026-07-29T18:00:00+00:00,377.55999999999966,380.87999999999965,377.55999999999966,379.06999999999965,910
2026-07-29T18:15:00+00:00,379.06999999999965,380.33999999999963,376.7899999999996,378.18999999999966,623
2026-07-29T18:30:00+00:00,378.18999999999966,382.8499999999996,376.93999999999966,382.37999999999965,673
2026-07-29T18:45:00+00:00,382.37999999999965,384.71999999999963,381.9099999999996,384.50999999999965,1000
2026-07-29T19:00:00+00:00,384.50999999999965,386.21999999999963,381.86999999999966,382.95999999999964,1002
2026-07-29T19:15:00+00:00,382.95999999999964,383.79999999999967,377.94999999999965,379.89999999999964,925
2026-07-29T19:30:00+00:00,379.89999999999964,381.08999999999963,375.3499999999996,376.54999999999967,1368
2026-07-29T19:45:00+00:00,376.54999999999967,377.50999999999965,370.1699999999997,370.26999999999964,2960
2026-07-30T13:30:00+00:00,370.26999999999964,382.93999999999966,370.26999999999964,380.64999999999964,675
2026-07-30T13:45:00+00:00,380.64999999999964,386.36999999999966,380.64999999999964,386.2299999999997,998
2026-07-30T14:00:00+00:00,386.2299999999997,387.56999999999965,382.9199999999997,384.23999999999967,872
2026-07-30T14:15:00+00:00,384.23999999999967,388.37999999999965,384.23999999999967,387.38999999999965,795
2026-07-30T14:30:00+00:00,387.38999999999965,388.02999999999963,385.19999999999965,385.58999999999963,758
2026-07-30T14:45:00+00:00,385.58999999999963,385.63999999999965,382.13999999999965,383.43999999999966,685
2026-07-30T15:00:00+00:00,383.43999999999966,386.1599999999996,382.43999999999966,384.27999999999963,710
2026-07-30T15:15:00+00:00,384.27999999999963,385.25999999999965,383.05999999999966,383.7299999999997,542
2026-07-30T15:30:00+00:00,383.7299999999997,383.8499999999996,382.30999999999966,383.0999999999996,482
2026-07-30T15:45:00+00:00,383.0999999999996,384.44999999999965,382.07999999999964,383.6699999999997,636
2026-07-30T16:00:00+00:00,383.6699999999997,388.04999999999967,383.21999999999963,387.45999999999964,850
2026-07-30T16:15:00+00:00,387.45999999999964,387.86999999999966,386.7299999999997,387.04999999999967,556
2026-07-30T16:30:00+00:00,387.04999999999967,387.39999999999964,383.88999999999965,384.04999999999967,657
2026-07-30T16:45:00+00:00,384.04999999999967,384.96999999999963,383.88999999999965,384.9099999999996,1008
2026-07-30T17:00:00+00:00,384.9099999999996,385.74999999999966,384.67999999999967,385.20999999999964,759
2026-07-30T17:15:00+00:00,385.20999999999964,386.92999999999967,385.20999999999964,385.9199999999997,506
2026-07-30T17:30:00+00:00,385.9199999999997,386.39999999999964,384.69999999999965,385.99999999999966,673
2026-07-30T17:45:00+00:00,385.99999999999966,386.45999999999964,385.18999999999966,385.56999999999965,609
2026-07-30T18:00:00+00:00,385.56999999999965,387.3599999999997,385.23999999999967,386.45999999999964,494
2026-07-30T18:15:00+00:00,386.45999999999964,386.6599999999996,385.8499999999996,386.58999999999963,448
2026-07-30T18:30:00+00:00,386.58999999999963,386.62999999999965,385.6699999999997,386.24999999999966,472
2026-07-30T18:45:00+00:00,386.24999999999966,386.46999999999963,385.31999999999965,386.14999999999964,471
2026-07-30T19:00:00+00:00,386.14999999999964,388.51999999999964,386.01999999999964,387.80999999999966,680
2026-07-30T19:15:00+00:00,387.80999999999966,388.11999999999966,386.82999999999964,387.42999999999967,1287
2026-07-30T19:30:00+00:00,387.42999999999967,388.11999999999966,386.68999999999966,387.87999999999965,1162
2026-07-30T19:45:00+00:00,387.87999999999965,388.57999999999964,386.87999999999965,388.23999999999967,1812
2026-07-31T13:30:00+00:00,388.23999999999967,399.86999999999966,384.30999999999966,384.30999999999966,724
2026-07-31T13:45:00+00:00,384.30999999999966,387.00999999999965,383.44999999999965,386.7299999999997,831
2026-07-31T14:00:00+00:00,386.7299999999997,386.96999999999963,380.2899999999996,381.55999999999966,859
2026-07-31T14:15:00+00:00,381.55999999999966,383.0999999999996,379.88999999999965,382.87999999999965,615
2026-07-31T14:30:00+00:00,382.87999999999965,387.01999999999964,382.70999999999964,386.43999999999966,635
2026-07-31T14:45:00+00:00,386.43999999999966,389.2299999999997,385.30999999999966,387.87999999999965,546
2026-07-31T15:00:00+00:00,387.87999999999965,388.4099999999996,385.4199999999997,385.98999999999967,467
2026-07-31T15:15:00+00:00,385.98999999999967,387.38999999999965,382.61999999999966,384.0999999999996,560
2026-07-31T15:30:00+00:00,384.0999999999996,387.83999999999963,383.7299999999997,385.83999999999963,552
2026-07-31T15:45:00+00:00,385.83999999999963,386.48999999999967,384.25999999999965,385.69999999999965,654
2026-07-31T16:00:00+00:00,385.69999999999965,386.56999999999965,384.87999999999965,385.45999999999964,556
2026-07-31T16:15:00+00:00,385.45999999999964,388.08999999999963,384.52999999999963,388.08999999999963,772
2026-07-31T16:30:00+00:00,388.08999999999963,388.50999999999965,386.83999999999963,387.04999999999967,307
2026-07-31T16:45:00+00:00,387.04999999999967,388.9099999999996,386.67999999999967,387.9099999999996,421
2026-07-31T17:00:00+00:00,387.9099999999996,389.80999999999966,387.73999999999967,389.6099999999997,507
2026-07-31T17:15:00+00:00,389.6099999999997,390.57999999999964,388.88999999999965,390.2299999999997,539
2026-07-31T17:30:00+00:00,390.2299999999997,390.71999999999963,388.63999999999965,389.0999999999996,490
2026-07-31T17:45:00+00:00,389.0999999999996,389.4799999999997,388.18999999999966,388.7899999999996,400
2026-07-31T18:00:00+00:00,388.7899999999996,388.80999999999966,387.32999999999964,387.38999999999965,533
2026-07-31T18:15:00+00:00,387.38999999999965,388.8599999999997,387.32999999999964,388.6599999999996,504
2026-07-31T18:30:00+00:00,388.6599999999996,389.4199999999997,388.26999999999964,388.5999999999996,464
2026-07-31T18:45:00+00:00,388.5999999999996,389.6099999999997,387.98999999999967,388.55999999999966,537
2026-07-31T19:00:00+00:00,388.55999999999966,388.82999999999964,386.9099999999996,387.87999999999965,483
2026-07-31T19:15:00+00:00,387.87999999999965,389.1699999999997,387.5999999999996,388.4799999999997,645
2026-07-31T19:30:00+00:00,388.4799999999997,389.06999999999965,387.75999999999965,388.82999999999964,740
2026-07-31T19:45:00+00:00,388.82999999999964,391.32999999999964,388.18999999999966,389.1599999999996,1720
2026-08-03T13:30:00+00:00,389.1599999999996,389.1599999999996,374.79999999999967,377.2299999999997,993
2026-08-03T13:45:00+00:00,377.2299999999997,380.14999999999964,376.01999999999964,380.05999999999966,1533
2026-08-03T14:00:00+00:00,380.05999999999966,380.54999999999967,376.68999999999966,379.4199999999997,1143
2026-08-03T14:15:00+00:00,379.4199999999997,383.0399999999996,379.20999999999964,381.57999999999964,1114
2026-08-03T14:30:00+00:00,381.57999999999964,383.9199999999997,381.00999999999965,382.9199999999997,1078
2026-08-03T14:45:00+00:00,382.9199999999997,388.61999999999966,382.77999999999963,387.89999999999964,1018
2026-08-03T15:00:00+00:00,387.89999999999964,388.8599999999997,387.0399999999996,388.1099999999997,907
2026-08-03T15:15:00+00:00,388.1099999999997,389.43999999999966,386.96999999999963,386.98999999999967,925
2026-08-03T15:30:00+00:00,386.98999999999967,389.33999999999963,386.82999999999964,387.62999999999965,911
2026-08-03T15:45:00+00:00,387.62999999999965,389.02999999999963,387.62999999999965,388.50999999999965,894
2026-08-03T16:00:00+00:00,388.50999999999965,388.82999999999964,387.93999999999966,388.14999999999964,938
2026-08-03T16:15:00+00:00,388.14999999999964,389.86999999999966,388.13999999999965,388.87999999999965,1006
2026-08-03T16:30:00+00:00,388.87999999999965,389.12999999999965,387.56999999999965,388.52999999999963,1006
2026-08-03T16:45:00+00:00,388.52999999999963,389.14999999999964,388.27999999999963,388.27999999999963,824
2026-08-03T17:00:00+00:00,388.27999999999963,389.5399999999996,388.19999999999965,389.17999999999967,839
2026-08-03T17:15:00+00:00,389.17999999999967,390.33999999999963,389.1699999999997,389.68999999999966,691
2026-08-03T17:30:00+00:00,389.68999999999966,390.11999999999966,389.00999999999965,389.24999999999966,627
2026-08-03T17:45:00+00:00,389.24999999999966,390.74999999999966,389.06999999999965,390.39999999999964,711
2026-08-03T18:00:00+00:00,390.39999999999964,392.55999999999966,390.39999999999964,391.42999999999967,989
2026-08-03T18:15:00+00:00,391.42999999999967,392.19999999999965,390.19999999999965,390.29999999999967,858
2026-08-03T18:30:00+00:00,390.29999999999967,392.69999999999965,390.29999999999967,392.45999999999964,944
2026-08-03T18:45:00+00:00,392.45999999999964,392.56999999999965,390.9799999999997,391.39999999999964,729
2026-08-03T19:00:00+00:00,391.39999999999964,392.3599999999997,390.8499999999996,391.52999999999963,919
2026-08-03T19:15:00+00:00,391.52999999999963,392.02999999999963,391.02999999999963,391.32999999999964,736
2026-08-03T19:30:00+00:00,391.32999999999964,391.57999999999964,390.68999999999966,391.0999999999996,1096
2026-08-03T19:45:00+00:00,391.0999999999996,392.71999999999963,390.88999999999965,392.1699999999997,1521
2026-08-04T13:30:00+00:00,392.1699999999997,411.2899999999996,392.1699999999997,410.04999999999967,1365
2026-08-04T13:45:00+00:00,410.04999999999967,412.51999999999964,408.31999999999965,409.29999999999967,1636
2026-08-04T14:00:00+00:00,409.29999999999967,412.32999999999964,408.80999999999966,410.04999999999967,1598
2026-08-04T14:15:00+00:00,410.04999999999967,411.9799999999997,407.68999999999966,411.9199999999997,1584
2026-08-04T14:30:00+00:00,411.9199999999997,413.0399999999996,409.07999999999964,413.02999999999963,1416
2026-08-04T14:45:00+00:00,413.02999999999963,413.1099999999997,409.20999999999964,410.0999999999996,1103
2026-08-04T15:00:00+00:00,410.0999999999996,412.80999999999966,409.29999999999967,412.50999999999965,977
2026-08-04T15:15:00+00:00,412.50999999999965,414.2899999999996,411.67999999999967,412.57999999999964,1187
2026-08-04T15:30:00+00:00,412.57999999999964,415.76999999999964,412.45999999999964,415.6599999999996,1311
2026-08-04T15:45:00+00:00,415.6599999999996,416.6099999999997,415.37999999999965,416.21999999999963,1146
2026-08-04T16:00:00+00:00,416.21999999999963,416.75999999999965,415.2899999999996,415.63999999999965,987
2026-08-04T16:15:00+00:00,415.63999999999965,416.71999999999963,415.58999999999963,415.79999999999967,1039
2026-08-04T16:30:00+00:00,415.79999999999967,416.4099999999996,415.5399999999996,415.8499999999996,921
2026-08-04T16:45:00+00:00,415.8499999999996,416.82999999999964,415.83999999999963,416.67999999999967,783
2026-08-04T17:00:00+00:00,416.67999999999967,418.3499999999996,416.62999999999965,417.98999999999967,1033
2026-08-04T17:15:00+00:00,417.98999999999967,419.51999999999964,417.75999999999965,419.2899999999996,972
2026-08-04T17:30:00+00:00,419.2899999999996,421.61999999999966,418.7899999999996,421.61999999999966,1096
2026-08-04T17:45:00+00:00,421.61999999999966,422.17999999999967,420.93999999999966,421.51999999999964,1283
2026-08-04T18:00:00+00:00,421.51999999999964,421.71999999999963,420.27999999999963,421.5399999999996,1231
2026-08-04T18:15:00+00:00,421.5399999999996,421.8599999999997,420.44999999999965,421.49999999999966,1045
2026-08-04T18:30:00+00:00,421.49999999999966,421.94999999999965,420.42999999999967,420.54999999999967,995
2026-08-04T18:45:00+00:00,420.54999999999967,421.20999999999964,419.98999999999967,420.20999999999964,984
2026-08-04T19:00:00+00:00,420.20999999999964,421.92999999999967,420.20999999999964,421.62999999999965,1311
2026-08-04T19:15:00+00:00,421.62999999999965,422.12999999999965,420.2899999999996,420.55999999999966,1408
2026-08-04T19:30:00+00:00,420.55999999999966,420.69999999999965,419.29999999999967,420.69999999999965,1655
2026-08-04T19:45:00+00:00,420.69999999999965,420.8599999999997,417.8499999999996,418.4199999999997,2532
2026-08-05T13:30:00+00:00,418.4199999999997,426.93999999999966,418.4199999999997,423.39999999999964,642
2026-08-05T13:45:00+00:00,423.39999999999964,424.23999999999967,419.71999999999963,422.32999999999964,689
2026-08-05T14:00:00+00:00,422.32999999999964,424.19999999999965,420.18999999999966,423.64999999999964,613
2026-08-05T14:15:00+00:00,423.64999999999964,424.27999999999963,420.86999999999966,421.89999999999964,592
2026-08-05T14:30:00+00:00,421.89999999999964,421.89999999999964,419.36999999999966,421.25999999999965,734
2026-08-05T14:45:00+00:00,421.25999999999965,421.9799999999997,418.89999999999964,420.6699999999996,807.0627490039841
2026-08-05T15:00:00+00:00,420.6699999999996,421.37999999999965,420.13999999999965,420.31999999999965,713
2026-08-05T15:15:00+00:00,420.31999999999965,421.45999999999964,419.19999999999965,420.0999999999996,530
2026-08-05T15:30:00+00:00,420.0999999999996,422.81999999999965,419.8699999999996,421.1899999999996,540
2026-08-05T15:45:00+00:00,421.1899999999996,421.31999999999965,418.58999999999963,418.9199999999996,442
2026-08-05T16:00:00+00:00,418.9199999999996,419.9799999999996,418.4899999999996,419.0599999999996,442
2026-08-05T16:15:00+00:00,419.0599999999996,421.31999999999965,418.82999999999964,421.2999999999996,417
2026-08-05T16:30:00+00:00,421.2999999999996,422.45999999999964,420.08999999999963,421.3499999999996,526
2026-08-05T16:45:00+00:00,421.3499999999996,421.96999999999963,420.9399999999996,421.4899999999996,566
2026-08-05T17:00:00+00:00,421.4899999999996,421.77999999999963,419.9199999999996,420.2399999999996,523
2026-08-05T17:15:00+00:00,420.2399999999996,420.88999999999965,419.7499999999996,420.06999999999965,501
2026-08-05T17:30:00+00:00,420.06999999999965,420.82999999999964,419.7399999999996,420.62999999999965,484
2026-08-05T17:45:00+00:00,420.62999999999965,421.2499999999996,419.82999999999964,420.9899999999996,469
2026-08-05T18:00:00+00:00,420.9899999999996,421.87999999999965,420.76999999999964,420.76999999999964,523
2026-08-05T18:15:00+00:00,420.76999999999964,422.0399999999996,420.6599999999996,421.6899999999996,551
2026-08-05T18:30:00+00:00,421.6899999999996,421.82999999999964,420.63999999999965,421.0599999999996,605
2026-08-05T18:45:00+00:00,421.0599999999996,422.0999999999996,420.89999999999964,421.3499999999996,517
2026-08-05T19:00:00+00:00,421.3499999999996,422.5399999999996,421.33999999999963,422.4299999999996,558
2026-08-05T19:15:00+00:00,422.4299999999996,423.00999999999965,422.06999999999965,422.57999999999964,674
2026-08-05T19:30:00+00:00,422.57999999999964,422.95999999999964,421.07999999999964,421.56999999999965,869
2026-08-05T19:45:00+00:00,421.56999999999965,421.9099999999996,417.46999999999963,418.71999999999963,1569
2026-08-06T13:30:00+00:00,418.71999999999963,420.69999999999965,411.1599999999996,416.56999999999965,344
2026-08-06T13:45:00+00:00,416.56999999999965,419.7899999999996,416.52999999999963,419.6599999999996,389
2026-08-06T14:00:00+00:00,419.6599999999996,427.14999999999964,418.52999999999963,426.31999999999965,712
2026-08-06T14:15:00+00:00,426.31999999999965,427.81999999999965,423.83999999999963,424.2299999999996,745
2026-08-06T14:30:00+00:00,424.2299999999996,425.87999999999965,423.33999999999963,423.89999999999964,534
2026-08-06T14:45:00+00:00,423.89999999999964,425.7399999999996,422.5399999999996,425.37999999999965,541
2026-08-06T15:00:00+00:00,425.37999999999965,425.58999999999963,423.37999999999965,424.8699999999996,570
2026-08-06T15:15:00+00:00,424.8699999999996,425.06999999999965,423.33999999999963,424.1799999999996,573
2026-08-06T15:30:00+00:00,424.1799999999996,424.77999999999963,423.01999999999964,423.02999999999963,572
2026-08-06T15:45:00+00:00,423.02999999999963,425.08999999999963,422.4199999999996,422.82999999999964,377
2026-08-06T16:00:00+00:00,422.82999999999964,424.1699999999996,421.9799999999996,422.58999999999963,407
2026-08-06T16:15:00+00:00,422.58999999999963,423.1899999999996,421.0999999999996,421.69999999999965,443
2026-08-06T16:30:00+00:00,421.69999999999965,423.64999999999964,421.2999999999996,422.63999999999965,471
2026-08-06T16:45:00+00:00,422.63999999999965,424.9099999999996,422.4799999999996,424.88999999999965,487
2026-08-06T17:00:00+00:00,424.88999999999965,425.4199999999996,424.21999999999963,424.2299999999996,448
2026-08-06T17:15:00+00:00,424.2299999999996,425.1199999999996,423.96999999999963,424.2899999999996,431
2026-08-06T17:30:00+00:00,424.2899999999996,424.8099999999996,423.33999999999963,423.7899999999996,529
2026-08-06T17:45:00+00:00,423.7899999999996,424.7299999999996,423.6099999999996,424.58999999999963,633
2026-08-06T18:00:00+00:00,424.58999999999963,424.7499999999996,423.7399999999996,424.3499999999996,530
2026-08-06T18:15:00+00:00,424.3499999999996,425.13999999999965,423.20999999999964,424.50999999999965,536
2026-08-06T18:30:00+00:00,424.50999999999965,424.50999999999965,423.08999999999963,423.4799999999996,489
2026-08-06T18:45:00+00:00,423.4799999999996,423.9299999999996,422.4399999999996,422.6599999999996,534
2026-08-06T19:00:00+00:00,422.6599999999996,424.1099999999996,422.52999999999963,423.45999999999964,637
2026-08-06T19:15:00+00:00,423.45999999999964,424.13999999999965,421.9899999999996,422.07999999999964,813
2026-08-06T19:30:00+00:00,422.07999999999964,422.9999999999996,421.56999999999965,422.81999999999965,805
2026-08-06T19:45:00+00:00,422.81999999999965,423.07999999999964,420.33999999999963,420.6799999999996,1663
2026-08-07T13:30:00+00:00,420.6799999999996,431.13999999999965,420.6799999999996,426.89999999999964,423
2026-08-07T13:45:00+00:00,426.89999999999964,427.7299999999996,424.3499999999996,425.19999999999965,443
2026-08-07T14:00:00+00:00,425.19999999999965,425.4899999999996,421.83999999999963,423.01999999999964,296
2026-08-07T14:15:00+00:00,423.01999999999964,428.07999999999964,421.83999999999963,427.13999999999965,434
2026-08-07T14:30:00+00:00,427.13999999999965,427.13999999999965,424.64999999999964,424.76999999999964,402
2026-08-07T14:45:00+00:00,424.76999999999964,426.1699999999996,424.5599999999996,425.27999999999963,499
2026-08-07T15:00:00+00:00,425.27999999999963,426.26999999999964,425.0499999999996,425.38999999999965,561
2026-08-07T15:15:00+00:00,425.38999999999965,425.9199999999996,424.3499999999996,425.4099999999996,640
2026-08-07T15:30:00+00:00,425.4099999999996,426.4799999999996,424.58999999999963,424.9999999999996,609
2026-08-07T15:45:00+00:00,424.9999999999996,426.5399999999996,424.9899999999996,425.64999999999964,479
2026-08-07T16:00:00+00:00,425.64999999999964,426.00999999999965,425.02999999999963,425.08999999999963,553
2026-08-07T16:15:00+00:00,425.08999999999963,425.50999999999965,422.83999999999963,423.3099999999996,575
2026-08-07T16:30:00+00:00,423.3099999999996,424.5399999999996,422.20999999999964,424.21999999999963,505
2026-08-07T16:45:00+00:00,424.21999999999963,424.8099999999996,424.0499999999996,424.44999999999965,556
2026-08-07T17:00:00+00:00,424.44999999999965,425.4299999999996,424.0499999999996,424.83999999999963,537
2026-08-07T17:15:00+00:00,424.83999999999963,425.9999999999996,424.6799999999996,425.02999999999963,874
2026-08-07T17:30:00+00:00,425.02999999999963,425.32999999999964,424.3599999999996,425.1799999999996,425
2026-08-07T17:45:00+00:00,425.1799999999996,425.4199999999996,424.6799999999996,425.0399999999996,459
2026-08-07T18:00:00+00:00,425.0399999999996,425.2499999999996,424.3599999999996,424.6099999999996,461
2026-08-07T18:15:00+00:00,424.6099999999996,425.20999999999964,424.39999999999964,424.44999999999965,499
2026-08-07T18:30:00+00:00,424.44999999999965,425.25999999999965,424.33999999999963,424.8099999999996,566
2026-08-07T18:45:00+00:00,424.8099999999996,426.1899999999996,424.69999999999965,425.96999999999963,533
2026-08-07T19:00:00+00:00,425.96999999999963,427.9999999999996,425.9299999999996,427.38999999999965,769
2026-08-07T19:15:00+00:00,427.38999999999965,427.8199999999996,426.4099999999996,426.77999999999963,759
2026-08-07T19:30:00+00:00,426.77999999999963,426.8799999999996,425.5599999999996,425.71999999999963,834
2026-08-07T19:45:00+00:00,425.71999999999963,428.64999999999964,425.5599999999996,427.8499999999996,1612
2026-08-10T13:30:00+00:00,427.8499999999996,432.27999999999963,427.5999999999996,427.7999999999996,516
2026-08-10T13:45:00+00:00,427.7999999999996,430.3799999999996,427.70999999999964,428.9799999999996,528
2026-08-10T14:00:00+00:00,428.9799999999996,432.9899999999996,428.57999999999964,431.9999999999996,690
2026-08-10T14:15:00+00:00,431.9999999999996,432.51999999999964,429.4299999999996,430.7499999999996,649
2026-08-10T14:30:00+00:00,430.7499999999996,431.52999999999963,429.69999999999965,429.71999999999963,502
2026-08-10T14:45:00+00:00,429.71999999999963,430.1599999999996,426.2399999999996,426.2599999999996,596
2026-08-10T15:00:00+00:00,426.2599999999996,427.8199999999996,425.4099999999996,426.14999999999964,871
2026-08-10T15:15:00+00:00,426.14999999999964,426.9799999999996,424.8099999999996,425.5099999999996,564
2026-08-10T15:30:00+00:00,425.5099999999996,426.9199999999996,424.8099999999996,426.70999999999964,571
2026-08-10T15:45:00+00:00,426.70999999999964,427.83999999999963,425.89999999999964,427.4799999999996,501
2026-08-10T16:00:00+00:00,427.4799999999996,427.7299999999996,426.44999999999965,426.4899999999996,446
2026-08-10T16:15:00+00:00,426.4899999999996,426.8499999999996,425.8099999999996,425.8199999999996,540
2026-08-10T16:30:00+00:00,425.8199999999996,425.82999999999964,420.64999999999964,421.1699999999996,826
2026-08-10T16:45:00+00:00,421.1699999999996,422.2299999999996,420.9799999999996,422.02999999999963,573
2026-08-10T17:00:00+00:00,422.02999999999963,423.83999999999963,421.9099999999996,423.5699999999996,543
2026-08-10T17:15:00+00:00,423.5699999999996,424.4299999999996,423.08999999999963,423.3599999999996,518
2026-08-10T17:30:00+00:00,423.3599999999996,424.1199999999996,422.8499999999996,423.01999999999964,433
2026-08-10T17:45:00+00:00,423.01999999999964,424.02999999999963,422.8599999999996,423.83999999999963,405
2026-08-10T18:00:00+00:00,423.83999999999963,424.3799999999996,423.4299999999996,423.77999999999963,448
2026-08-10T18:15:00+00:00,423.77999999999963,424.77999999999963,423.64999999999964,424.0599999999996,389
2026-08-10T18:30:00+00:00,424.0599999999996,425.1099999999996,423.7899999999996,424.4799999999996,487
2026-08-10T18:45:00+00:00,424.4799999999996,424.83999999999963,424.0399999999996,424.7599999999996,418
2026-08-10T19:00:00+00:00,424.7599999999996,425.2399999999996,424.5699999999996,424.5999999999996,451
2026-08-10T19:15:00+00:00,424.5999999999996,425.4299999999996,424.57999999999964,425.0699999999996,758
2026-08-10T19:30:00+00:00,425.0699999999996,425.3699999999996,424.0099999999996,424.4999999999996,868
2026-08-10T19:45:00+00:00,424.4999999999996,425.0099999999996,422.07999999999964,423.27999999999963,1945
2026-08-11T13:30:00+00:00,423.27999999999963,425.52999999999963,418.6699999999996,420.76999999999964,350
2026-08-11T13:45:00+00:00,420.76999999999964,421.0599999999996,418.4099999999996,420.69999999999965,454
2026-08-11T14:00:00+00:00,420.69999999999965,421.9999999999996,419.9299999999996,420.83999999999963,450
2026-08-11T14:15:00+00:00,420.83999999999963,422.9799999999996,420.5099999999996,422.8199999999996,510
2026-08-11T14:30:00+00:00,422.8199999999996,423.0399999999996,421.52999999999963,421.88999999999965,357
2026-08-11T14:45:00+00:00,421.88999999999965,423.2899999999996,421.57999999999964,422.6299999999996,437
2026-08-11T15:00:00+00:00,422.6299999999996,423.1199999999996,421.57999999999964,422.1599999999996,457
2026-08-11T15:15:00+00:00,422.1599999999996,422.3599999999996,420.5999999999996,420.88999999999965,476
2026-08-11T15:30:00+00:00,420.88999999999965,421.1099999999996,419.7399999999996,420.3499999999996,455
2026-08-11T15:45:00+00:00,420.3499999999996,420.3499999999996,419.2599999999996,419.70999999999964,346
2026-08-11T16:00:00+00:00,419.70999999999964,420.44999999999965,419.44999999999965,419.44999999999965,457
2026-08-11T16:15:00+00:00,419.44999999999965,419.88999999999965,419.07999999999964,419.45999999999964,402
2026-08-11T16:30:00+00:00,419.45999999999964,420.01999999999964,419.07999999999964,419.08999999999963,430
2026-08-11T16:45:00+00:00,419.08999999999963,419.39999999999964,418.5699999999996,419.1099999999996,350
2026-08-11T17:00:00+00:00,419.1099999999996,419.3599999999996,418.1199999999996,418.19999999999965,394
2026-08-11T17:15:00+00:00,418.19999999999965,419.1199999999996,418.1299999999996,418.4199999999996,445
2026-08-11T17:30:00+00:00,418.4199999999996,418.64999999999964,417.9399999999996,418.0099999999996,491
2026-08-11T17:45:00+00:00,418.0099999999996,418.45999999999964,417.7499999999996,418.2299999999996,592
2026-08-11T18:00:00+00:00,418.2299999999996,418.38999999999965,416.71999999999963,417.01999999999964,591
2026-08-11T18:15:00+00:00,417.01999999999964,417.0999999999996,414.8199999999996,414.9299999999996,702
2026-08-11T18:30:00+00:00,414.9299999999996,415.1899999999996,413.6099999999996,413.76999999999964,619
2026-08-11T18:45:00+00:00,413.76999999999964,415.4199999999996,413.7599999999996,414.64999999999964,546
2026-08-11T19:00:00+00:00,414.64999999999964,414.6799999999996,413.8099999999996,413.96999999999963,576
2026-08-11T19:15:00+00:00,413.96999999999963,414.82999999999964,413.7599999999996,414.2299999999996,651
2026-08-11T19:30:00+00:00,414.2299999999996,415.19999999999965,414.2299999999996,414.6199999999996,548
2026-08-11T19:45:00+00:00,414.6199999999996,416.89999999999964,414.3199999999996,416.21999999999963,1254
2026-08-12T13:30:00+00:00,416.21999999999963,426.4199999999996,416.21999999999963,419.5699999999996,355
2026-08-12T13:45:00+00:00,419.5699999999996,423.44999999999965,419.51999999999964,421.88999999999965,501
2026-08-12T14:00:00+00:00,421.88999999999965,422.83999999999963,420.7399999999996,421.3799999999996,436
2026-08-12T14:15:00+00:00,421.3799999999996,424.83999999999963,421.3799999999996,423.0699999999996,430
2026-08-12T14:30:00+00:00,423.0699999999996,423.1599999999996,420.4399999999996,422.83999999999963,473
2026-08-12T14:45:00+00:00,422.83999999999963,422.9099999999996,421.1199999999996,422.4999999999996,507.7618373128288
2026-08-12T15:00:00+00:00,422.4999999999996,422.4999999999996,420.0799999999996,420.1899999999996,373
2026-08-12T15:15:00+00:00,420.1899999999996,420.2199999999996,418.40999999999957,419.28999999999957,647
2026-08-12T15:30:00+00:00,419.28999999999957,419.91999999999956,418.7799999999996,419.09999999999957,462
2026-08-12T15:45:00+00:00,419.09999999999957,420.15999999999957,418.97999999999956,419.3799999999996,363
2026-08-12T16:00:00+00:00,419.3799999999996,419.79999999999956,419.10999999999956,419.4499999999996,447
2026-08-12T16:15:00+00:00,419.4499999999996,419.9499999999996,418.5799999999996,419.2099999999996,393
2026-08-12T16:30:00+00:00,419.2099999999996,419.7099999999996,418.8999999999996,419.10999999999956,378
2026-08-12T16:45:00+00:00,419.10999999999956,419.8999999999996,419.0799999999996,419.2499999999996,468
2026-08-12T17:00:00+00:00,419.2499999999996,419.8699999999996,419.0699999999996,419.2599999999996,453
2026-08-12T17:15:00+00:00,419.2599999999996,419.3699999999996,418.5599999999996,418.72999999999956,431
2026-08-12T17:30:00+00:00,418.72999999999956,419.17999999999955,418.6299999999996,419.0799999999996,520
2026-08-12T17:45:00+00:00,419.0799999999996,419.1199999999996,418.65999999999957,418.65999999999957,617
2026-08-12T18:00:00+00:00,418.65999999999957,418.6899999999996,417.10999999999956,417.6999999999996,589
2026-08-12T18:15:00+00:00,417.6999999999996,418.6899999999996,417.66999999999956,417.91999999999956,480
2026-08-12T18:30:00+00:00,417.91999999999956,418.29999999999956,417.3799999999996,417.8199999999996,405
2026-08-12T18:45:00+00:00,417.8199999999996,417.8199999999996,416.6999999999996,416.72999999999956,510
2026-08-12T19:00:00+00:00,416.72999999999956,417.3099999999996,416.3799999999996,416.8899999999996,525
2026-08-12T19:15:00+00:00,416.8899999999996,417.92999999999955,415.59999999999957,415.59999999999957,594
2026-08-12T19:30:00+00:00,415.59999999999957,415.91999999999956,414.5799999999996,414.92999999999955,791
2026-08-12T19:45:00+00:00,414.92999999999955,416.29999999999956,414.67999999999955,415.92999999999955,1491
2026-08-13T13:30:00+00:00,415.92999999999955,422.3999999999996,411.59999999999957,420.90999999999957,829
2026-08-13T13:45:00+00:00,420.90999999999957,424.9499999999996,420.6399999999996,424.4399999999996,949
2026-08-13T14:00:00+00:00,424.4399999999996,424.4999999999996,421.42999999999955,423.0299999999996,908
2026-08-13T14:15:00+00:00,423.0299999999996,423.5299999999996,420.8099999999996,422.84999999999957,668
2026-08-13T14:30:00+00:00,422.84999999999957,424.42999999999955,422.7499999999996,423.79999999999956,686
2026-08-13T14:45:00+00:00,423.79999999999956,424.5099999999996,423.16999999999956,423.5799999999996,704
2026-08-13T15:00:00+00:00,423.5799999999996,424.42999999999955,423.0899999999996,423.85999999999956,732
2026-08-13T15:15:00+00:00,423.85999999999956,424.1999999999996,422.67999999999955,422.8299999999996,690
2026-08-13T15:30:00+00:00,422.8299999999996,423.4999999999996,421.0799999999996,422.7699999999996,840
2026-08-13T15:45:00+00:00,422.7699999999996,422.7699999999996,421.2099999999996,421.5899999999996,654
2026-08-13T16:00:00+00:00,421.5899999999996,422.8999999999996,421.34999999999957,422.0799999999996,545
2026-08-13T16:15:00+00:00,422.0799999999996,422.48999999999955,421.0899999999996,422.04999999999956,631
2026-08-13T16:30:00+00:00,422.04999999999956,422.3399999999996,421.0799999999996,421.4399999999996,503
2026-08-13T16:45:00+00:00,421.4399999999996,421.8999999999996,420.4999999999996,420.6999999999996,569
2026-08-13T17:00:00+00:00,420.6999999999996,422.6299999999996,420.6999999999996,421.73999999999955,608
2026-08-13T17:15:00+00:00,421.73999999999955,422.5199999999996,421.4699999999996,421.8199999999996,471
2026-08-13T17:30:00+00:00,421.8199999999996,422.2099999999996,420.98999999999955,421.1199999999996,575
2026-08-13T17:45:00+00:00,421.1199999999996,421.42999999999955,420.1899999999996,420.22999999999956,503
2026-08-13T18:00:00+00:00,420.22999999999956,420.6399999999996,419.42999999999955,419.73999999999955,602
2026-08-13T18:15:00+00:00,419.73999999999955,420.0899999999996,419.3399999999996,419.5599999999996,468
2026-08-13T18:30:00+00:00,419.5599999999996,420.4699999999996,419.5099999999996,419.9699999999996,705
2026-08-13T18:45:00+00:00,419.9699999999996,422.1299999999996,419.9699999999996,420.78999999999957,591
2026-08-13T19:00:00+00:00,420.78999999999957,421.67999999999955,420.3999999999996,420.5899999999996,698
2026-08-13T19:15:00+00:00,420.5899999999996,420.6999999999996,419.54999999999956,419.54999999999956,690
2026-08-13T19:30:00+00:00,419.54999999999956,419.7599999999996,418.28999999999957,418.3199999999996,882
2026-08-13T19:45:00+00:00,418.3199999999996,418.85999999999956,417.0799999999996,417.90999999999957,1636
2026-08-14T13:30:00+00:00,417.90999999999957,417.90999999999957,405.9499999999996,406.1999999999996,911
2026-08-14T13:45:00+00:00,406.1999999999996,406.2799999999996,397.6499999999996,399.9399999999996,1585
2026-08-14T14:00:00+00:00,399.9399999999996,401.8299999999996,398.34999999999957,400.5799999999996,1306
2026-08-14T14:15:00+00:00,400.5799999999996,400.5799999999996,395.1999999999996,397.0799999999996,1502
2026-08-14T14:30:00+00:00,397.0799999999996,399.4999999999996,396.28999999999957,398.6899999999996,1441
2026-08-14T14:45:00+00:00,398.6899999999996,398.79999999999956,396.2799999999995,396.2799999999995,952.5801858809571
2026-08-14T15:00:00+00:00,396.2799999999995,396.5299999999995,394.7699999999995,394.8099999999995,1383
2026-08-14T15:15:00+00:00,394.8099999999995,395.6599999999995,392.94999999999953,394.0599999999995,1547
2026-08-14T15:30:00+00:00,394.0599999999995,394.4399999999995,392.9799999999995,393.7599999999995,1297
2026-08-14T15:45:00+00:00,393.7599999999995,394.9299999999995,393.7499999999995,394.7199999999995,939
2026-08-14T16:00:00+00:00,394.7199999999995,395.8099999999995,394.3799999999995,395.0599999999995,991
2026-08-14T16:15:00+00:00,395.0599999999995,395.9899999999995,394.6799999999995,394.8499999999995,915
2026-08-14T16:30:00+00:00,394.8499999999995,395.0399999999995,393.3699999999995,393.6799999999995,992
2026-08-14T16:45:00+00:00,393.6799999999995,393.9199999999995,393.0399999999995,393.0699999999995,971
2026-08-14T17:00:00+00:00,393.0699999999995,393.5999999999995,392.6599999999995,392.6699999999995,955
2026-08-14T17:15:00+00:00,392.6699999999995,392.8099999999995,390.5099999999995,390.6799999999995,1395
2026-08-14T17:30:00+00:00,390.6799999999995,391.8799999999995,390.5599999999995,391.38999999999953,946
2026-08-14T17:45:00+00:00,391.38999999999953,391.7699999999995,389.1699999999995,389.69999999999953,1104
2026-08-14T18:00:00+00:00,389.69999999999953,389.94999999999953,388.6699999999995,389.2599999999995,1251
2026-08-14T18:15:00+00:00,389.2599999999995,389.9799999999995,388.9599999999995,389.2799999999995,946
2026-08-14T18:30:00+00:00,389.2799999999995,391.0299999999995,389.1599999999995,390.8999999999995,952
2026-08-14T18:45:00+00:00,390.8999999999995,390.9699999999995,389.3599999999995,389.7499999999995,985
2026-08-14T19:00:00+00:00,389.7499999999995,391.3599999999995,389.5999999999995,390.6799999999995,880
2026-08-14T19:15:00+00:00,390.6799999999995,392.6899999999995,390.6199999999995,392.5099999999995,1293
2026-08-14T19:30:00+00:00,392.5099999999995,394.1299999999995,392.2599999999995,393.57999999999953,1476
2026-08-14T19:45:00+00:00,393.57999999999953,394.1899999999995,392.0099999999995,393.13999999999953,1996
2026-08-17T13:30:00+00:00,392.91,397.72,392.65,392.93,644
2026-08-17T13:45:00+00:00,392.93,394.51,391.94,393.25,898
2026-08-17T14:00:00+00:00,393.25,394.39,392.35,394.06,1205
2026-08-17T14:15:00+00:00,394.06,395.55,393.93,395.41,1118
2026-08-17T14:30:00+00:00,395.41,396.82,394.61,396.73,1066
2026-08-17T14:45:00+00:00,396.73,398.04,396.59,397.45,1151
2026-08-17T15:00:00+00:00,397.45,397.59,394.04,394.37,976
2026-08-17T15:15:00+00:00,394.37,395.81,394.2,394.43,970
2026-08-17T15:30:00+00:00,394.43,395.2,394.04,395.2,805
2026-08-17T15:45:00+00:00,395.2,399.21,394.99,398.45,871
2026-08-17T16:00:00+00:00,398.45,398.57,396.16,396.38,703
2026-08-17T16:15:00+00:00,396.38,397.99,395.97,396.91,668
2026-08-17T16:30:00+00:00,396.91,398.03,396.03,397.8,614
2026-08-17T16:45:00+00:00,397.8,398.02,397.33,397.6,633
2026-08-17T17:00:00+00:00,397.6,397.69,396.8,396.97,658
2026-08-17T17:15:00+00:00,396.97,397.2,395.74,396.69,697
2026-08-17T17:30:00+00:00,396.69,397.28,395.93,395.93,648
2026-08-17T17:45:00+00:00,395.93,396.43,395.01,395.02,610
2026-08-17T18:00:00+00:00,395.02,395.21,394.05,394.63,724
2026-08-17T18:15:00+00:00,394.63,394.82,393.81,394.17,558
2026-08-17T18:30:00+00:00,394.17,394.37,393.67,394.12,616
2026-08-17T18:45:00+00:00,394.12,394.41,393.29,393.81,643
2026-08-17T19:00:00+00:00,393.81,393.85,393.03,393.19,790
2026-08-17T19:15:00+00:00,393.19,393.49,392.73,392.78,737
2026-08-17T19:30:00+00:00,392.78,393.61,392.68,393.21,851
2026-08-17T19:45:00+00:00,393.21,393.36,391.37,391.93,1922
2026-08-18T13:30:00+00:00,391.93,391.93,381.41,381.43,978
2026-08-18T13:45:00+00:00,381.43,381.95,378.25,379.37,1756
2026-08-18T14:00:00+00:00,379.37,380.16,377.28,377.39,1643
2026-08-18T14:15:00+00:00,377.39,378.97,376.93,378.73,1420
2026-08-18T14:30:00+00:00,378.73,379.92,378.53,378.95,1533
2026-08-18T14:45:00+00:00,378.95,379.27,378.05,378.24,1504
2026-08-18T15:00:00+00:00,378.24,378.95,376.94,377.97,1436
2026-08-18T15:15:00+00:00,377.97,379.87,377.86,379.58,1188
2026-08-18T15:30:00+00:00,379.58,380.47,379.4,380.22,896
2026-08-18T15:45:00+00:00,380.22,381.64,380.22,381.43,1009
2026-08-18T16:00:00+00:00,381.43,381.58,380.28,380.49,1042
2026-08-18T16:15:00+00:00,380.49,381.36,380.21,380.45,818
2026-08-18T16:30:00+00:00,380.45,381.47,380.3,380.88,867
2026-08-18T16:45:00+00:00,380.88,381.44,380.54,380.87,868
2026-08-18T17:00:00+00:00,380.87,381.31,380.43,381.05,864
2026-08-18T17:15:00+00:00,381.05,381.41,380.59,381.39,704
2026-08-18T17:30:00+00:00,381.39,381.58,380.93,381.03,695
2026-08-18T17:45:00+00:00,381.03,381.22,379.94,379.96,703
2026-08-18T18:00:00+00:00,379.96,380.76,379.58,380.73,884
2026-08-18T18:15:00+00:00,380.73,380.99,379.58,379.59,924
2026-08-18T18:30:00+00:00,379.59,380.09,379.05,379.1,924
2026-08-18T18:45:00+00:00,379.1,379.35,378.33,378.66,747
2026-08-18T19:00:00+00:00,378.66,379.28,378.44,378.96,846
2026-08-18T19:15:00+00:00,378.96,379.67,378.68,379.23,1089
2026-08-18T19:30:00+00:00,379.23,379.59,378.23,379.16,1215
2026-08-18T19:45:00+00:00,379.16,380.09,378.17,380.01,2154
2026-08-19T13:30:00+00:00,380.01,380.01,362.12,362.56,1770
2026-08-19T13:45:00+00:00,362.56,363.88,359.61,362.02,2023
2026-08-19T14:00:00+00:00,362.02,362.14,358.51,358.65,1948
2026-08-19T14:15:00+00:00,358.65,359.77,357.74,359.42,2002
2026-08-19T14:30:00+00:00,359.42,360.79,357.53,360.09,1617
2026-08-19T14:45:00+00:00,360.09,362.07,359.18,361.87999999999954,1480.568946627015
2026-08-19T15:00:00+00:00,361.68,361.74,360.05,361.17,1317
2026-08-19T15:15:00+00:00,361.17,362.53,361.17,362.35,1228
2026-08-19T15:30:00+00:00,362.35,363.21,361.89,362.75,1144
2026-08-19T15:45:00+00:00,362.75,363.18,360.9,362.88,1114
2026-08-19T16:00:00+00:00,362.88,364.09,362.51,363.84,1115
2026-08-19T16:15:00+00:00,363.84,365.34,363.43,364.93,986
2026-08-19T16:30:00+00:00,364.93,365.25,363.97,364.29,1043
2026-08-19T16:45:00+00:00,364.29,364.42,362.73,363.5,807
2026-08-19T17:00:00+00:00,363.5,365.03,363.34,364.37,940
2026-08-19T17:15:00+00:00,364.37,365,364.05,364.17,835
2026-08-19T17:30:00+00:00,364.17,364.91,363.49,364.91,842
2026-08-19T17:45:00+00:00,364.91,364.93,363.56,363.65,819
2026-08-19T18:00:00+00:00,363.65,364.36,362.19,362.47,1067
2026-08-19T18:15:00+00:00,362.47,363.51,361.93,363.35,897
2026-08-19T18:30:00+00:00,363.35,365.36,363.34,365.07,904
2026-08-19T18:45:00+00:00,365.07,365.63,363.83,364.04,798
2026-08-19T19:00:00+00:00,364.04,365.12,363.85,364.83,743
2026-08-19T19:15:00+00:00,364.83,365.07,363.68,363.74,809
2026-08-19T19:30:00+00:00,363.74,364.44,362.73,363.21,1067
2026-08-19T19:45:00+00:00,363.21,363.69,361.13,362.29,2207
2026-08-20T13:30:00+00:00,362.29,366.87,362.29,365.69,951
2026-08-20T13:45:00+00:00,365.69,366.23,362.48,363.16,1031
2026-08-20T14:00:00+00:00,363.16,365,362.15,364.22,1064
2026-08-20T14:15:00+00:00,364.22,366.09,362.66,365.65,1190
2026-08-20T14:30:00+00:00,365.65,366.63,365.07,365.97,1462
2026-08-20T14:45:00+00:00,365.97,366.26,365.03,365.73,1340
2026-08-20T15:00:00+00:00,365.73,366.27,363.74,364.38,1199
2026-08-20T15:15:00+00:00,364.38,364.69,363.09,363.55,918
2026-08-20T15:30:00+00:00,363.55,363.85,362.92,363.04,912
2026-08-20T15:45:00+00:00,363.04,364.06,362.78,363.61,762
2026-08-20T16:00:00+00:00,363.61,364.03,363.02,363.31,652
2026-08-20T16:15:00+00:00,363.31,364.34,363.1,363.71,587
2026-08-20T16:30:00+00:00,363.71,364.42,362.66,363.68,916
2026-08-20T16:45:00+00:00,363.68,363.96,363.45,363.87,715
2026-08-20T17:00:00+00:00,363.87,363.87,362.63,362.95,861
2026-08-20T17:15:00+00:00,362.95,363.27,362.63,362.82,685
2026-08-20T17:30:00+00:00,362.82,364.21,362.76,364.19,633
2026-08-20T17:45:00+00:00,364.19,365.31,364.04,365.02,616
2026-08-20T18:00:00+00:00,365.02,366.05,364.72,364.95,819
2026-08-20T18:15:00+00:00,364.95,365.5,364.45,365.24,747
2026-08-20T18:30:00+00:00,365.24,365.41,363.18,363.36,888
2026-08-20T18:45:00+00:00,363.36,364.23,363.27,363.35,817
2026-08-20T19:00:00+00:00,363.35,363.79,363.14,363.53,823
2026-08-20T19:15:00+00:00,363.53,364.93,363.51,364.45,815
2026-08-20T19:30:00+00:00,364.45,365.12,364.13,364.77,1010
2026-08-20T19:45:00+00:00,364.77,364.87,362.24,364.02,1810
2026-08-21T13:30:00+00:00,364.02,374.93,364.02,372.17,1554
2026-08-21T13:45:00+00:00,372.17,373.29,366.21,366.45,1521
2026-08-21T14:00:00+00:00,366.45,367.59,365.15,366.8,1154
2026-08-21T14:15:00+00:00,366.8,369.02,366.43,368.16,996
2026-08-21T14:30:00+00:00,368.16,368.92,367.52,367.96,918
2026-08-21T14:45:00+00:00,367.96,368.42,366.64,367.0899999999995,919
2026-08-21T15:00:00+00:00,366.89,368.13,366.55,367.63,879
2026-08-21T15:15:00+00:00,367.63,368.3,366.93,368.26,792
2026-08-21T15:30:00+00:00,368.26,369.4,368.13,368.73,846
2026-08-21T15:45:00+00:00,368.73,368.85,367.93,367.99,771
2026-08-21T16:00:00+00:00,367.99,368.08,366.95,367.08,861
2026-08-21T16:15:00+00:00,367.08,368.17,366.94,367.32,726
2026-08-21T16:30:00+00:00,367.32,367.74,366.39,366.44,704
2026-08-21T16:45:00+00:00,366.44,366.48,365.73,366.26,678
2026-08-21T17:00:00+00:00,366.26,366.81,366.15,366.36,630
2026-08-21T17:15:00+00:00,366.36,366.53,364.96,365.45,740
2026-08-21T17:30:00+00:00,365.45,366.13,365.14,365.82,678
2026-08-21T17:45:00+00:00,365.82,366.75,365.66,366.59,727
2026-08-21T18:00:00+00:00,366.59,367,366.18,366.18,636
2026-08-21T18:15:00+00:00,366.18,366.37,365.14,365.14,662
2026-08-21T18:30:00+00:00,365.14,366.07,365.04,365.92,585
2026-08-21T18:45:00+00:00,365.92,367,365.92,366.78,687
2026-08-21T19:00:00+00:00,366.78,367.42,366.64,367.3,615
2026-08-21T19:15:00+00:00,367.3,367.91,367.1,367.64,673
2026-08-21T19:30:00+00:00,367.64,368.4,367.63,368.09,778
2026-08-21T19:45:00+00:00,368.09,368.76,366.43,368.4,1785
2026-08-24T13:30:00+00:00,368.4,368.4,360.48,361.39,1064
2026-08-24T13:45:00+00:00,361.39,363.67,361.18,363.04,1124
2026-08-24T14:00:00+00:00,363.04,363.04,361.73,362.34,988
2026-08-24T14:15:00+00:00,362.34,363.22,361.33,361.47,1017
2026-08-24T14:30:00+00:00,361.47,363.1,361.25,363,886
2026-08-24T14:45:00+00:00,363,363.57,361.33,361.33,869
2026-08-24T15:00:00+00:00,361.33,362.15,361.09,361.25,814
2026-08-24T15:15:00+00:00,361.25,362.26,361.03,362.07,898
2026-08-24T15:30:00+00:00,362.07,362.36,361.08,361.48,895
2026-08-24T15:45:00+00:00,361.48,362.26,361.25,361.74,837
2026-08-24T16:00:00+00:00,361.74,363.07,361.43,362.88,831
2026-08-24T16:15:00+00:00,362.88,363.42,362.2,362.27,733
2026-08-24T16:30:00+00:00,362.27,362.42,361.03,361.42,679
2026-08-24T16:45:00+00:00,361.42,361.44,360.43,360.57,716
2026-08-24T17:00:00+00:00,360.57,361.85,360.43,361.75,813
2026-08-24T17:15:00+00:00,361.75,361.79,360.31,360.4,769
2026-08-24T17:30:00+00:00,360.4,361.05,360.23,360.63,664
2026-08-24T17:45:00+00:00,360.63,361.03,359.95,359.96,735
2026-08-24T18:00:00+00:00,359.96,361.1,359.46,361.01,965
2026-08-24T18:15:00+00:00,361.01,361.63,360.73,361.44,707
2026-08-24T18:30:00+00:00,361.44,362.04,360.73,361.09,759
2026-08-24T18:45:00+00:00,361.09,361.31,360.69,360.76,623
2026-08-24T19:00:00+00:00,360.76,361.18,360.54,360.85,795
2026-08-24T19:15:00+00:00,360.85,360.91,360.34,360.34,907
2026-08-24T19:30:00+00:00,360.34,360.66,359.33,359.46,1137
2026-08-24T19:45:00+00:00,359.46,359.92,358.56,358.66,1885
2026-08-25T13:30:00+00:00,358.66,362.74,358.66,360.08,745
2026-08-25T13:45:00+00:00,360.08,361.58,358.93,359.08,991
2026-08-25T14:00:00+00:00,359.08,360.98,356.53,358.72,1261
2026-08-25T14:15:00+00:00,358.72,359.69,357.62,357.62,889
2026-08-25T14:30:00+00:00,357.62,359.17,356.02,358.54,1082
2026-08-25T14:45:00+00:00,358.54,360.05,358.23,359.65,955
2026-08-25T15:00:00+00:00,359.65,359.95,358.71,359.48,800
2026-08-25T15:15:00+00:00,359.48,360.61,359.43,360.49,787
2026-08-25T15:30:00+00:00,360.49,361.48,360.43,360.83,1006
2026-08-25T15:45:00+00:00,360.83,361.03,360.28,360.56,1014
2026-08-25T16:00:00+00:00,360.56,361.32,359.43,359.59,680
2026-08-25T16:15:00+00:00,359.59,360.14,359.52,359.72,601
2026-08-25T16:30:00+00:00,359.72,359.8,358.14,358.41,709
2026-08-25T16:45:00+00:00,358.41,359.04,358.41,358.93,634
2026-08-25T17:00:00+00:00,358.93,359,358.03,358.36,750
2026-08-25T17:15:00+00:00,358.36,358.41,357.23,357.23,574
2026-08-25T17:30:00+00:00,357.23,357.62,356.75,357.25,672
2026-08-25T17:45:00+00:00,357.25,357.31,356.66,356.96,791
2026-08-25T18:00:00+00:00,356.96,357.28,356.47,356.75,602
2026-08-25T18:15:00+00:00,356.75,356.97,355.78,355.88,832
2026-08-25T18:30:00+00:00,355.88,357.18,355.86,357.15,778
2026-08-25T18:45:00+00:00,357.15,357.6,356.53,356.55,756
2026-08-25T19:00:00+00:00,356.55,357.02,355.58,355.64,871
2026-08-25T19:15:00+00:00,355.64,356.37,355.23,356.31,1026
2026-08-25T19:30:00+00:00,356.31,356.31,355.58,355.84,1006
2026-08-25T19:45:00+00:00,355.84,356.85,355.45,356.39,1817
2026-08-26T13:30:00+00:00,356.39,359.22,355.36,357.03,894
2026-08-26T13:45:00+00:00,357.03,357.26,353.74,354.53,1194
2026-08-26T14:00:00+00:00,354.53,354.55,351.83,352.1,1501
2026-08-26T14:15:00+00:00,352.1,352.39,350.63,351.52,1281
2026-08-26T14:30:00+00:00,351.52,353.28,351.36,351.49,848
2026-08-26T14:45:00+00:00,351.49,353.05,351.45,352.35,860
2026-08-26T15:00:00+00:00,352.35,353.41,351.81,352.04,717
2026-08-26T15:15:00+00:00,352.04,352.07,351.04,351.39,967
2026-08-26T15:30:00+00:00,351.39,351.85,350.62,351.59,785
2026-08-26T15:45:00+00:00,351.59,352.46,351.14,351.15,651
2026-08-26T16:00:00+00:00,351.15,351.37,350.38,350.4,893
2026-08-26T16:15:00+00:00,350.4,351.06,349.98,350.6,636
2026-08-26T16:30:00+00:00,350.6,350.83,350.41,350.68,484
2026-08-26T16:45:00+00:00,350.68,351.54,350.64,351.36,647
2026-08-26T17:00:00+00:00,351.36,352.32,351.33,352.19,465
2026-08-26T17:15:00+00:00,352.19,352.75,352.06,352.12,473
2026-08-26T17:30:00+00:00,352.12,353.09,352.05,352.74,492
2026-08-26T17:45:00+00:00,352.74,353.05,352.45,352.73,439
2026-08-26T18:00:00+00:00,352.73,353.84,352.45,353.34,658
2026-08-26T18:15:00+00:00,353.34,354.11,353.15,353.59,502
2026-08-26T18:30:00+00:00,353.59,354.48,353.57,354.09,557
2026-08-26T18:45:00+00:00,354.09,354.23,353.64,354.1,542
2026-08-26T19:00:00+00:00,354.1,354.77,353.87,354.76,723
2026-08-26T19:15:00+00:00,354.76,354.93,353.61,353.7,764
2026-08-26T19:30:00+00:00,353.7,353.83,352.93,353.21,927
2026-08-26T19:45:00+00:00,353.21,356.18,353.21,355.44,2305
2026-08-27T13:30:00+00:00,355.44,366.33,355.44,366.17,1276
2026-08-27T13:45:00+00:00,366.17,367.07,362.59,364.71,1864
2026-08-27T14:00:00+00:00,364.71,367.41,364.09,366.9,1084
2026-08-27T14:15:00+00:00,366.9,369.36,366.66,368.44,1252
2026-08-27T14:30:00+00:00,368.44,368.54,366.11,366.97,1121
2026-08-27T14:45:00+00:00,366.97,369.18,366.64,368.83,1087
2026-08-27T15:00:00+00:00,368.83,369.47,367.93,368.1,1046
2026-08-27T15:15:00+00:00,368.1,369.43,368.07,368.82,849
2026-08-27T15:30:00+00:00,368.82,369.18,367.09,367.09,768
2026-08-27T15:45:00+00:00,367.09,368.69,366.73,368.34,699
2026-08-27T16:00:00+00:00,368.34,369.6,367.75,368.09,855
2026-08-27T16:15:00+00:00,368.09,368.73,367.26,368.55,740
2026-08-27T16:30:00+00:00,368.55,369.52,368.53,369.17,764
2026-08-27T16:45:00+00:00,369.17,369.84,369.08,369.6,659
2026-08-27T17:00:00+00:00,369.6,370.35,369.45,370.03,739
2026-08-27T17:15:00+00:00,370.03,370.12,368.54,368.73,566
2026-08-27T17:30:00+00:00,368.73,368.79,368.08,368.35,628
2026-08-27T17:45:00+00:00,368.35,368.43,367.44,367.58,722
2026-08-27T18:00:00+00:00,367.58,367.94,366.85,367.3,635
2026-08-27T18:15:00+00:00,367.3,367.67,366.84,366.94,726
2026-08-27T18:30:00+00:00,366.94,368.48,366.94,368.22,844
2026-08-27T18:45:00+00:00,368.22,368.88,368.19,368.6,869
2026-08-27T19:00:00+00:00,368.6,369.66,368.48,368.84,752
2026-08-27T19:15:00+00:00,368.84,369.24,368.54,368.67,932
2026-08-27T19:30:00+00:00,368.67,369.57,368.55,369.49,1037
2026-08-27T19:45:00+00:00,369.49,371.6,368.63,371.25,2327
2026-08-28T13:30:00+00:00,371.25,376.38,371.25,374.95,721
2026-08-28T13:45:00+00:00,374.95,375.14,373.18,373.24,764
2026-08-28T14:00:00+00:00,373.24,374.03,370.07,370.56,979
2026-08-28T14:15:00+00:00,370.56,373.35,370.43,371.95,677
2026-08-28T14:30:00+00:00,371.95,373.06,371.43,372.34,938
2026-08-28T14:45:00+00:00,372.34,373.51,371.5,372.9499999999996,808
2026-08-28T15:00:00+00:00,372.67,373.6,371.68,372,734
2026-08-28T15:15:00+00:00,372,373.86,371.73,373.01,657
2026-08-28T15:30:00+00:00,373.01,373.94,370.73,371.21,765
2026-08-28T15:45:00+00:00,371.21,371.21,367.07,367.17,1279
2026-08-28T16:00:00+00:00,367.17,367.98,365.93,366.94,1064
2026-08-28T16:15:00+00:00,366.94,367,365.63,366.11,777
2026-08-28T16:30:00+00:00,366.11,366.65,365.48,365.84,557
2026-08-28T16:45:00+00:00,365.84,367.61,365.71,366.41,601
2026-08-28T17:00:00+00:00,366.41,366.46,365.3,366.29,748
2026-08-28T17:15:00+00:00,366.29,366.82,365.6,366.23,558
2026-08-28T17:30:00+00:00,366.23,367.35,366.1,367.07,575
2026-08-28T17:45:00+00:00,367.07,368.48,366.95,368.07,578
2026-08-28T18:00:00+00:00,368.07,368.4,367.63,367.94,672
2026-08-28T18:15:00+00:00,367.94,368.82,367.93,368.55,593
2026-08-28T18:30:00+00:00,368.55,368.8,367.93,368.18,601
2026-08-28T18:45:00+00:00,368.18,368.36,366.63,366.88,829
2026-08-28T19:00:00+00:00,366.88,367.81,366.46,367.33,838
2026-08-28T19:15:00+00:00,367.33,368.76,367.11,368.68,820
2026-08-28T19:30:00+00:00,368.68,369.09,367.93,368.5,850
2026-08-28T19:45:00+00:00,368.5,369.48,367.99,368.54,1487
2026-08-31T13:30:00+00:00,368.54,372.33,366.22,366.54,975
2026-08-31T13:45:00+00:00,366.54,369.54,366.54,368.65,1146
2026-08-31T14:00:00+00:00,368.65,369.22,367.93,368.51,1081
2026-08-31T14:15:00+00:00,368.51,369.08,367.43,367.8,1087
2026-08-31T14:30:00+00:00,367.8,368.67,367.43,368.34,916
2026-08-31T14:45:00+00:00,368.34,368.53,367.3,367.87,797
2026-08-31T15:00:00+00:00,367.87,368.25,366.75,367,815
2026-08-31T15:15:00+00:00,367,368.4,366.8,368.1,781
2026-08-31T15:30:00+00:00,368.1,368.5,367.75,368.37,760
2026-08-31T15:45:00+00:00,368.37,368.76,368.08,368.19,779
2026-08-31T16:00:00+00:00,368.19,369.19,367.68,368.81,777
2026-08-31T16:15:00+00:00,368.81,370.88,368.65,370.83,837
2026-08-31T16:30:00+00:00,370.83,370.89,369.46,369.98,692
2026-08-31T16:45:00+00:00,369.98,370.97,369.93,370.77,646
2026-08-31T17:00:00+00:00,370.77,370.82,369.23,369.29,551
2026-08-31T17:15:00+00:00,369.29,369.69,368.93,369.34,534
2026-08-31T17:30:00+00:00,369.34,370.1,369.15,370.08,435
2026-08-31T17:45:00+00:00,370.08,370.61,369.85,370.13,519
2026-08-31T18:00:00+00:00,370.13,371.03,370.09,370.68,471
2026-08-31T18:15:00+00:00,370.68,371.35,370.54,371.16,580
2026-08-31T18:30:00+00:00,371.16,371.83,369.73,369.84,706
2026-08-31T18:45:00+00:00,369.84,370.15,369.68,369.75,481
2026-08-31T19:00:00+00:00,369.75,370.02,369.17,369.9,495
2026-08-31T19:15:00+00:00,369.9,370.1,369.22,369.22,564
2026-08-31T19:30:00+00:00,369.22,369.81,369.05,369.46,669
2026-08-31T19:45:00+00:00,369.46,371.09,369.09,370.41,2173
2026-09-01T13:30:00+00:00,370.41,370.41,361.94,363.08,1006
2026-09-01T13:45:00+00:00,363.08,364.2,362.93,362.95,1004
2026-09-01T14:00:00+00:00,362.95,365.82,362.27,365.14,1007
2026-09-01T14:15:00+00:00,365.14,365.41,363.93,364.07,940
2026-09-01T14:30:00+00:00,364.07,366.12,364.07,366.12,984
2026-09-01T14:45:00+00:00,366.12,367.82,365.66,366.62,972
2026-09-01T15:00:00+00:00,366.62,367.13,366.25,366.95,826
2026-09-01T15:15:00+00:00,366.95,368.82,366.76,368.69,819
2026-09-01T15:30:00+00:00,368.69,369.8,368.53,369.79,847
2026-09-01T15:45:00+00:00,369.79,370.32,368.33,368.58,806
2026-09-01T16:00:00+00:00,368.58,369.13,368.21,368.77,760
2026-09-01T16:15:00+00:00,368.77,369.41,368.23,368.59,793
2026-09-01T16:30:00+00:00,368.59,369.17,367.53,368.32,802
2026-09-01T16:45:00+00:00,368.32,371.2,368.23,370.94,851
2026-09-01T17:00:00+00:00,370.94,371.09,368.93,370,723
2026-09-01T17:15:00+00:00,370,370.12,368.43,369.24,547
2026-09-01T17:30:00+00:00,369.24,369.5,368.74,368.83,543
2026-09-01T17:45:00+00:00,368.83,369.07,368.26,368.74,504
2026-09-01T18:00:00+00:00,368.74,369.11,368.33,368.44,546
2026-09-01T18:15:00+00:00,368.44,369.04,368.13,368.33,492
2026-09-01T18:30:00+00:00,368.33,368.74,367.95,368,623
2026-09-01T18:45:00+00:00,368,368.97,367.68,368.78,719
2026-09-01T19:00:00+00:00,368.78,369.64,368.53,369.56,727
2026-09-01T19:15:00+00:00,369.56,370.23,369.43,370.1,756
2026-09-01T19:30:00+00:00,370.1,370.18,369.03,369.68,795
2026-09-01T19:45:00+00:00,369.68,369.89,368.64,369.49,1784
2026-09-02T13:30:00+00:00,369.49,369.51,364.64,368.06,1737
2026-09-02T13:45:00+00:00,368.06,369.33,366.14,367.85,1519
2026-09-02T14:00:00+00:00,367.85,368.95,366.96,367.97,1383
2026-09-02T14:15:00+00:00,367.97,369.91,367.77,369.76,1376
2026-09-02T14:30:00+00:00,369.76,370.29,368.18,369.23,1303
2026-09-02T14:45:00+00:00,369.23,369.37,367.54,368.21,1110
2026-09-02T15:00:00+00:00,368.05,370.27,367.74,369.72,1214
2026-09-02T15:15:00+00:00,369.72,370.72,369.43,370.58,1062
2026-09-02T15:30:00+00:00,370.58,371.01,369.95,370.88,962
2026-09-02T15:45:00+00:00,370.88,370.92,369.73,370.47,849
2026-09-02T16:00:00+00:00,370.47,370.63,369.26,369.4,820
2026-09-02T16:15:00+00:00,369.4,369.8,368.76,368.94,898
2026-09-02T16:30:00+00:00,368.94,369.64,368.53,368.59,821
2026-09-02T16:45:00+00:00,368.59,369.02,367.96,368.85,849
2026-09-02T17:00:00+00:00,368.85,369.28,366.04,368,1121
2026-09-02T17:15:00+00:00,368,369.06,367.77,369.05,780
2026-09-02T17:30:00+00:00,369.05,369.29,367.83,368.34,830
2026-09-02T17:45:00+00:00,368.34,368.6,367.14,367.14,895
2026-09-02T18:00:00+00:00,367.14,368.85,366.63,368.85,1121
2026-09-02T18:15:00+00:00,368.85,369.51,368.21,368.45,925
2026-09-02T18:30:00+00:00,368.45,368.8,367.95,368.35,931
2026-09-02T18:45:00+00:00,368.35,369.27,368.19,368.94,934
2026-09-02T19:00:00+00:00,368.94,370.5,368.7,369.5,1029
2026-09-02T19:15:00+00:00,369.5,369.69,367.82,367.83,1096
2026-09-02T19:30:00+00:00,367.83,368.48,367.24,367.53,1638
2026-09-02T19:45:00+00:00,367.53,368.67,366.73,367.52,3128
2026-09-03T13:30:00+00:00,367.52,367.52,345.52,346.18,2618
2026-09-03T13:45:00+00:00,346.18,346.5,343.4,343.49,2939
2026-09-03T14:00:00+00:00,343.49,344.95,342.61,343.06,2547
2026-09-03T14:15:00+00:00,343.06,344.48,342.76,343.84,2003
2026-09-03T14:30:00+00:00,343.84,344.34,342.36,343.39,2198
2026-09-03T14:45:00+00:00,343.39,345.87,342.26,345.53,1958
2026-09-03T15:00:00+00:00,345.53,347.36,344.73,347.14,2093
2026-09-03T15:15:00+00:00,347.14,349.12,346.71,348.88,1981
2026-09-03T15:30:00+00:00,348.88,351.01,347.73,349.99,1954
2026-09-03T15:45:00+00:00,349.99,352.42,349.84,351.61,1701
2026-09-03T16:00:00+00:00,351.61,353.05,351.43,351.83,1563
2026-09-03T16:15:00+00:00,351.83,353.83,351.43,353.18,1550
2026-09-03T16:30:00+00:00,353.18,356.26,352.1,355.92,1666
2026-09-03T16:45:00+00:00,355.92,356.72,354.28,356.13,1809
2026-09-03T17:00:00+00:00,356.13,357.32,354.13,354.36,1583
2026-09-03T17:15:00+00:00,354.36,355.47,353.86,354.28,1287
2026-09-03T17:30:00+00:00,354.28,354.86,354.03,354.14,1124
2026-09-03T17:45:00+00:00,354.14,354.66,352.25,352.55,1319
2026-09-03T18:00:00+00:00,352.55,355.58,352.43,355.3,1168
2026-09-03T18:15:00+00:00,355.3,356.59,354.68,355.39,1162
2026-09-03T18:30:00+00:00,355.39,357.14,355.29,356.16,1227
2026-09-03T18:45:00+00:00,356.16,357.4,355.88,356.98,1209
2026-09-03T19:00:00+00:00,356.98,357.84,356.19,356.86,1018
2026-09-03T19:15:00+00:00,356.86,358.95,356.69,358.09,1055
2026-09-03T19:30:00+00:00,358.09,359.13,357.93,358.23,1338
2026-09-03T19:45:00+00:00,358.23,359.28,356.53,357.04,1997
2026-09-04T13:30:00+00:00,357.04,359.51,354.48,358.34,1167
2026-09-04T13:45:00+00:00,358.34,358.98,355.74,356.58,1458
2026-09-04T14:00:00+00:00,356.58,357.83,354.93,355.57,1675
2026-09-04T14:15:00+00:00,355.57,358.47,354.36,358.45,1824
2026-09-04T14:30:00+00:00,358.45,358.59,354.64,355.31,1473
2026-09-04T14:45:00+00:00,355.31,357.46,355.29,356.26,1387
2026-09-04T15:00:00+00:00,356.26,358.05,355.38,357.26,1337
2026-09-04T15:15:00+00:00,357.26,357.31,355.58,356.07,1420
2026-09-04T15:30:00+00:00,356.07,357.77,354.59,356.83,1526
2026-09-04T15:45:00+00:00,356.83,357.31,355.73,356.07,1170
2026-09-04T16:00:00+00:00,356.07,356.79,355.63,355.87,1081
2026-09-04T16:15:00+00:00,355.87,355.95,354.73,355.18,1182
2026-09-04T16:30:00+00:00,355.18,355.48,354.94,355.24,1093
2026-09-04T16:45:00+00:00,355.24,356.48,355.23,356.2,1063
2026-09-04T17:00:00+00:00,356.2,356.42,355.24,355.42,1026
2026-09-04T17:15:00+00:00,355.42,355.55,354.54,354.66,1014
2026-09-04T17:30:00+00:00,354.66,355.52,353.62,354.71,1426
2026-09-04T17:45:00+00:00,354.71,354.82,354.13,354.72,943
2026-09-04T18:00:00+00:00,354.72,355.57,354.15,355.25,912
2026-09-04T18:15:00+00:00,355.25,356.3,355.05,355.84,1019
2026-09-04T18:30:00+00:00,355.84,357.49,355.66,357.4,950
2026-09-04T18:45:00+00:00,357.4,357.51,355.93,356.05,1160
2026-09-04T19:00:00+00:00,356.05,356.95,355.51,355.54,894
2026-09-04T19:15:00+00:00,355.54,356.36,355.54,356.09,776
2026-09-04T19:30:00+00:00,356.09,357.1,355.93,356.7,1206
2026-09-04T19:45:00+00:00,356.7,358.38,356.67,357.84,2242
2026-09-08T13:30:00+00:00,357.84,370.48,357.84,364.61,1487
2026-09-08T13:45:00+00:00,364.61,368.2,363.95,366.75,1333
2026-09-08T14:00:00+00:00,366.75,368.44,366.19,367.31,1115
2026-09-08T14:15:00+00:00,367.31,370.59,367.31,369.48,1445
2026-09-08T14:30:00+00:00,369.48,369.53,367,368.69,1185
2026-09-08T14:45:00+00:00,368.69,371.8,367.78,371,1390
2026-09-08T15:00:00+00:00,371,371.71,369.4,371.42,1303
2026-09-08T15:15:00+00:00,371.42,372.57,371.19,371.45,1388
2026-09-08T15:30:00+00:00,371.45,371.81,369.74,370.74,1107
2026-09-08T15:45:00+00:00,370.74,370.75,368.84,369.32,1013
2026-09-08T16:00:00+00:00,369.32,370.08,368.61,368.83,995
2026-09-08T16:15:00+00:00,368.83,368.83,367.24,367.58,1016
2026-09-08T16:30:00+00:00,367.58,367.66,365.57,365.57,1030
2026-09-08T16:45:00+00:00,365.57,366.66,365.43,366.08,1119
2026-09-08T17:00:00+00:00,366.08,367.09,366.06,366.94,986
2026-09-08T17:15:00+00:00,366.94,367.27,366.32,366.85,920
2026-09-08T17:30:00+00:00,366.85,367.46,366.72,366.86,908
2026-09-08T17:45:00+00:00,366.86,368.48,366.82,368.36,908
2026-09-08T18:00:00+00:00,368.36,369.31,368.08,368.73,853
2026-09-08T18:15:00+00:00,368.73,369.43,368.5,369.18,907
2026-09-08T18:30:00+00:00,369.18,369.56,368.84,369.04,800
2026-09-08T18:45:00+00:00,369.04,369.49,367.99,368.88,1058
2026-09-08T19:00:00+00:00,368.88,369.1,368.03,369.1,871
2026-09-08T19:15:00+00:00,369.1,369.37,368.83,368.93,748
2026-09-08T19:30:00+00:00,368.93,368.93,367.53,368.01,1252
2026-09-08T19:45:00+00:00,368.01,368.78,366.29,368.65,2133
